resource_id,title,board,subject,target_grade,difficulty_level,format,duration_minutes,url
res_ab8d9fb8,Class-6 Maths (Set-3) Annual Exam 2026 Question Paper Session Ending PM SHRI KV Term2,CBSE,Mathematics,Class 6,Beginner,video,20,https://www.youtube.com/watch?v=aYDhZOXI5wg&pp=ygUxQ0JTRSBDbGFzcyA2IE1hdGhlbWF0aWNzIGZ1bGwgY2hhcHRlciBleHBsYW5hdGlvbtIHCQm-CgGHKiGM7w%3D%3D
res_4f0eca08,Fraction In Disguise Class 8 Maths || Ganit Prakash Part - 2,CBSE,Mathematics,Class 6,Advanced,video,20,https://www.youtube.com/watch?v=aB9uHBGVfSc&pp=ygUxQ0JTRSBDbGFzcyA2IE1hdGhlbWF0aWNzIGZ1bGwgY2hhcHRlciBleHBsYW5hdGlvbg%3D%3D
res_f1f6a4f7,Class 8 Maths LIVE  Marathon | New NCERT Most Expected Questions | Score 95%+ l Next Toppers,CBSE,Mathematics,Class 6,Medium,video,45,https://www.youtube.com/watch?v=uaWhlZ4mXXA&pp=ygUxQ0JTRSBDbGFzcyA2IE1hdGhlbWF0aWNzIGZ1bGwgY2hhcHRlciBleHBsYW5hdGlvbg%3D%3D
res_efebd348,Water Full Chapter Class 6 Science | NCERT Science Class 6 Chapter 14,CBSE,Science,Class 6,Advanced,video,60,https://www.youtube.com/watch?v=r7iDCRCx1wM&pp=ygUtQ0JTRSBDbGFzcyA2IFNjaWVuY2UgZnVsbCBjaGFwdGVyIGV4cGxhbmF0aW9u
res_7bc58c96,Body Movements Full Chapter Class 6 Science | NCERT Science Class 6 Chapter 8,CBSE,Science,Class 6,Medium,video,60,https://www.youtube.com/watch?v=r5yMRp9s9cQ&pp=ygUtQ0JTRSBDbGFzcyA2IFNjaWVuY2UgZnVsbCBjaGFwdGVyIGV4cGxhbmF0aW9u
res_b2170d64,Class 6 Science Chapter 1 | Plant Parts & Animal Products as Food,CBSE,Science,Class 6,Beginner,video,30,https://www.youtube.com/watch?v=cXInJJMwXUE&pp=ygUtQ0JTRSBDbGFzcyA2IFNjaWVuY2UgZnVsbCBjaGFwdGVyIGV4cGxhbmF0aW9u
res_e83a12aa,Class-7 Maths (Set-3) Annual Exam 2026 Question Paper Session Ending PM SHRI KV Term2,CBSE,Mathematics,Class 7,Advanced,video,60,https://www.youtube.com/watch?v=kY1gZ_Eyqj8&pp=ygUxQ0JTRSBDbGFzcyA3IE1hdGhlbWF0aWNzIGZ1bGwgY2hhcHRlciBleHBsYW5hdGlvbg%3D%3D
res_273e0435,Class 7 Maths LIVE  Marathon l Most Expected Questions | New NCERT | LIVE Marathon | Next Toppers,CBSE,Mathematics,Class 7,Medium,video,30,https://www.youtube.com/watch?v=hI1o-w-9n4A&pp=ygUxQ0JTRSBDbGFzcyA3IE1hdGhlbWF0aWNzIGZ1bGwgY2hhcHRlciBleHBsYW5hdGlvbg%3D%3D
res_7e04a65b,Fraction In Disguise Class 8 Maths || Ganit Prakash Part - 2,CBSE,Mathematics,Class 7,Advanced,video,45,https://www.youtube.com/watch?v=aB9uHBGVfSc&pp=ygUxQ0JTRSBDbGFzcyA3IE1hdGhlbWF0aWNzIGZ1bGwgY2hhcHRlciBleHBsYW5hdGlvbtIHCQm-CgGHKiGM7w%3D%3D
res_57d6bb6d,Reproduction in Plants Full Chapter Class 7 Science | NCERT Science Class 7 Chapter 12,CBSE,Science,Class 7,Advanced,video,30,https://www.youtube.com/watch?v=tMjhLvZNJ3Q&pp=ygUtQ0JTRSBDbGFzcyA3IFNjaWVuY2UgZnVsbCBjaGFwdGVyIGV4cGxhbmF0aW9u
res_1946a4a8,Nutrition in Plants Full Chapter Class 7 Science | NCERT Science Class 7 Chapter 1,CBSE,Science,Class 7,Beginner,video,30,https://www.youtube.com/watch?v=oP2sbq9G5PI&pp=ygUtQ0JTRSBDbGFzcyA3IFNjaWVuY2UgZnVsbCBjaGFwdGVyIGV4cGxhbmF0aW9u
res_a0bacf73,Light Full Chapter Class 7 Science | NCERT Science Class 7 Chapter 15,CBSE,Science,Class 7,Medium,video,30,https://www.youtube.com/watch?v=j6OO1UR0kPg&pp=ygUtQ0JTRSBDbGFzcyA3IFNjaWVuY2UgZnVsbCBjaGFwdGVyIGV4cGxhbmF0aW9u
res_98409e64,Class 8th || Complete MATHS in 1 VIDEO 🔥,CBSE,Mathematics,Class 8,Advanced,video,20,https://www.youtube.com/watch?v=hPC0Q6VzlUo&pp=ygUxQ0JTRSBDbGFzcyA4IE1hdGhlbWF0aWNzIGZ1bGwgY2hhcHRlciBleHBsYW5hdGlvbg%3D%3D
res_187778d2,Rational Number Class 8 One Shot || Maths || Priyanshu Sir,CBSE,Mathematics,Class 8,Beginner,video,30,https://www.youtube.com/watch?v=KkUPmbL0F-Q&pp=ygUxQ0JTRSBDbGFzcyA4IE1hdGhlbWF0aWNzIGZ1bGwgY2hhcHRlciBleHBsYW5hdGlvbg%3D%3D
res_f8084cc9,Factorisation Maths Class 8 || Complete Chapter In 15 Minutes 🎯,CBSE,Mathematics,Class 8,Advanced,video,45,https://www.youtube.com/watch?v=uK1i6IzOhAA&pp=ygUxQ0JTRSBDbGFzcyA4IE1hdGhlbWF0aWNzIGZ1bGwgY2hhcHRlciBleHBsYW5hdGlvbg%3D%3D
res_6ca05309,Light Full Chapter Class 8 Science | NCERT Science Class 8 Chapter 16,CBSE,Science,Class 8,Medium,video,60,https://www.youtube.com/watch?v=Ka3a_0LwDo0&pp=ygUtQ0JTRSBDbGFzcyA4IFNjaWVuY2UgZnVsbCBjaGFwdGVyIGV4cGxhbmF0aW9u
res_29f58858,Chapter 1 Class 8 Science | Crop Production and Management - Introduction | Class 8 Science,CBSE,Science,Class 8,Medium,video,30,https://www.youtube.com/watch?v=J_cYceNpptY&pp=ygUtQ0JTRSBDbGFzcyA4IFNjaWVuY2UgZnVsbCBjaGFwdGVyIGV4cGxhbmF0aW9u
res_06f9953d,Reproduction in Animals Full Chapter Class 8 Science | NCERT Science Class 8 Chapter 9,CBSE,Science,Class 8,Medium,video,60,https://www.youtube.com/watch?v=wfpXdKW117s&pp=ygUtQ0JTRSBDbGFzcyA4IFNjaWVuY2UgZnVsbCBjaGFwdGVyIGV4cGxhbmF0aW9u
res_775ce956,Complete Class 9th MATHS in 1 Shot | Final Marathon 🎯,CBSE,Mathematics,Class 9,Beginner,video,20,https://www.youtube.com/watch?v=35IP0ggmkjM&pp=ygUxQ0JTRSBDbGFzcyA5IE1hdGhlbWF0aWNzIGZ1bGwgY2hhcHRlciBleHBsYW5hdGlvbtIHCQm-CgGHKiGM7w%3D%3D
res_a26ffff4,Class 9th Maths Most Important Questions By Ritik Sir | One Shot | Race Series 2026,CBSE,Mathematics,Class 9,Medium,video,20,https://www.youtube.com/watch?v=GR_5rAq23Oc&pp=ygUxQ0JTRSBDbGFzcyA5IE1hdGhlbWF0aWNzIGZ1bGwgY2hhcHRlciBleHBsYW5hdGlvbtIHCQm-CgGHKiGM7w%3D%3D
res_1459ab41,Class 9th- Complete Maths Marathon🔥 | Number System | Polynomials | Linear Eq in 2 Variable | Stats,CBSE,Mathematics,Class 9,Advanced,video,20,https://www.youtube.com/watch?v=kMS7rHamtlc&pp=ygUxQ0JTRSBDbGFzcyA5IE1hdGhlbWF0aWNzIGZ1bGwgY2hhcHRlciBleHBsYW5hdGlvbtIHCQm-CgGHKiGM7w%3D%3D
res_aac8f5d1,NCERT Science Class 9 Chapter 9 | Rahul Saigaonker l StudyIQ IAS English,CBSE,Science,Class 9,Beginner,video,20,https://www.youtube.com/watch?v=qc1YH3ZXe2g&pp=ygUtQ0JTRSBDbGFzcyA5IFNjaWVuY2UgZnVsbCBjaGFwdGVyIGV4cGxhbmF0aW9u
res_19f52498,NCERT Science Class 9 Chapter 1| Rahul Saigaonker l StudyIQ IAS English,CBSE,Science,Class 9,Advanced,video,20,https://www.youtube.com/watch?v=F4ZkAM8junE&pp=ygUtQ0JTRSBDbGFzcyA5IFNjaWVuY2UgZnVsbCBjaGFwdGVyIGV4cGxhbmF0aW9u
res_42defb97,CBSE Class 9 Science -1 || Matter in Our Surroundings || Full Chapter || by Shiksha House,CBSE,Science,Class 9,Beginner,video,20,https://www.youtube.com/watch?v=-9aGVrvPqzE&pp=ygUtQ0JTRSBDbGFzcyA5IFNjaWVuY2UgZnVsbCBjaGFwdGVyIGV4cGxhbmF0aW9u
res_c7dca472,Class 10 ICSE Maths Complete Syllabus Revision | ICSE Class 10 Maths Board Exam 2026,CBSE,Mathematics,Class 10,Advanced,video,20,https://www.youtube.com/watch?v=OPvPi2lqPt8&pp=ygUyQ0JTRSBDbGFzcyAxMCBNYXRoZW1hdGljcyBmdWxsIGNoYXB0ZXIgZXhwbGFuYXRpb24%3D
res_9cf71215,Class 10th Real Numbers One Shot 🔥 | Class 10 Maths Chapter 1 | Shobhit Nirwan,CBSE,Mathematics,Class 10,Beginner,video,45,https://www.youtube.com/watch?v=-UdHmSTmQtw&pp=ygUyQ0JTRSBDbGFzcyAxMCBNYXRoZW1hdGljcyBmdWxsIGNoYXB0ZXIgZXhwbGFuYXRpb24%3D
res_af9da40f,carbon and its compounds Full Chapter in Animation | Class 10th chapter 5 |CBSE Syllabus |  NCERT,CBSE,Science,Class 10,Advanced,video,30,https://www.youtube.com/watch?v=FDW4q366dH8&pp=ygUuQ0JTRSBDbGFzcyAxMCBTY2llbmNlIGZ1bGwgY2hhcHRlciBleHBsYW5hdGlvbg%3D%3D
res_fd7c37b3,CLASS 10 HEREDITY & EVOLUTION Full chapter explanation (Animation) | NCERT Class 10 Chapter 8,CBSE,Science,Class 10,Advanced,video,45,https://www.youtube.com/watch?v=as157ZmxHzM&pp=ygUuQ0JTRSBDbGFzcyAxMCBTY2llbmNlIGZ1bGwgY2hhcHRlciBleHBsYW5hdGlvbg%3D%3D
res_d13fb728,Life processes Full chapter | class 10 Animated video | 10th BIOLOGY | ncert #science | Chapter 7,CBSE,Science,Class 10,Advanced,video,20,https://www.youtube.com/watch?v=JzihOwFW3gI&pp=ygUuQ0JTRSBDbGFzcyAxMCBTY2llbmNlIGZ1bGwgY2hhcHRlciBleHBsYW5hdGlvbg%3D%3D
res_b1bd20a4,Class 6th || Complete Maths In One Video || Toppers Toli By Divyansh Sir,ICSE,Mathematics,Class 6,Medium,video,30,https://www.youtube.com/watch?v=m68PRjMWuDQ&pp=ygUxSUNTRSBDbGFzcyA2IE1hdGhlbWF0aWNzIGZ1bGwgY2hhcHRlciBleHBsYW5hdGlvbg%3D%3D
res_b6cbe043,Class 6 MATHS Final Exam Question Paper 2026 | #helloadhyapak,ICSE,Mathematics,Class 6,Beginner,video,20,https://www.youtube.com/watch?v=L4-RGuSf3MQ&pp=ygUxSUNTRSBDbGFzcyA2IE1hdGhlbWF0aWNzIGZ1bGwgY2hhcHRlciBleHBsYW5hdGlvbg%3D%3D
res_6e9a8d9a,5 Tricks to Become Human Calculator🤯| Fast Math Calculation Tricks| Prashant Kirad,ICSE,Mathematics,Class 6,Advanced,video,30,https://www.youtube.com/watch?v=CCCs6maSxiw&pp=ygUxSUNTRSBDbGFzcyA2IE1hdGhlbWF0aWNzIGZ1bGwgY2hhcHRlciBleHBsYW5hdGlvbg%3D%3D
res_64282319,Habitat and Adaptation ICSE Class 6 Biology| Exam Revision,ICSE,Science,Class 6,Beginner,video,20,https://www.youtube.com/watch?v=qPIZuDGAyvg&pp=ygUtSUNTRSBDbGFzcyA2IFNjaWVuY2UgZnVsbCBjaGFwdGVyIGV4cGxhbmF0aW9u
res_db0492db,Magnetism | Class 6 ICSE | Physics | Chapter 7 | English | Full Explanation | @jatinacademy,ICSE,Science,Class 6,Beginner,video,20,https://www.youtube.com/watch?v=VjiEv0cHWtU&pp=ygUtSUNTRSBDbGFzcyA2IFNjaWVuY2UgZnVsbCBjaGFwdGVyIGV4cGxhbmF0aW9u
res_0aa9dedf,Air and Atmosphere ICSE Class 6 Chemistry | Exam Revision,ICSE,Science,Class 6,Advanced,video,20,https://www.youtube.com/watch?v=m0s5j5p6nts&pp=ygUtSUNTRSBDbGFzcyA2IFNjaWVuY2UgZnVsbCBjaGFwdGVyIGV4cGxhbmF0aW9u
res_0784d5e3,Set Concepts Class 7 Maths || Complete Chapter || ICSE,ICSE,Mathematics,Class 7,Medium,video,30,https://www.youtube.com/watch?v=ZaEOE6ka-ok&pp=ygUxSUNTRSBDbGFzcyA3IE1hdGhlbWF0aWNzIGZ1bGwgY2hhcHRlciBleHBsYW5hdGlvbg%3D%3D
res_cc66d773,🔥7 Best Ways to Score Highest Marks in Exams | Fastest Ways to Cover the Syllabus | Study Motivation,ICSE,Mathematics,Class 7,Advanced,video,30,https://www.youtube.com/watch?v=WEQcHInp8P0&pp=ygUxSUNTRSBDbGFzcyA3IE1hdGhlbWF0aWNzIGZ1bGwgY2hhcHRlciBleHBsYW5hdGlvbg%3D%3D
res_ba79ab7e,Rational Numbers in One Shot | Cheat Sheet For Class 7th,ICSE,Mathematics,Class 7,Medium,video,60,https://www.youtube.com/watch?v=iLSzMsXcvlQ&pp=ygUxSUNTRSBDbGFzcyA3IE1hdGhlbWF0aWNzIGZ1bGwgY2hhcHRlciBleHBsYW5hdGlvbg%3D%3D
res_8f545183,Physical and Chemical Changes Class 7 Science || Complete Chapter || ICSE,ICSE,Science,Class 7,Advanced,video,30,https://www.youtube.com/watch?v=nbM0uCENQkU&pp=ygUtSUNTRSBDbGFzcyA3IFNjaWVuY2UgZnVsbCBjaGFwdGVyIGV4cGxhbmF0aW9u0gcJCb4KAYcqIYzv
res_5a800186,Classification of Plants | Class 7 Science ICSE | Complete Chapter Explanation | PW ICSE,ICSE,Science,Class 7,Beginner,video,20,https://www.youtube.com/watch?v=Enrn1b9xZKg&pp=ygUtSUNTRSBDbGFzcyA3IFNjaWVuY2UgZnVsbCBjaGFwdGVyIGV4cGxhbmF0aW9u
res_ae7ce07d,Matter and Its Composition Class 7 Science  || Complete Chapter || ICSE,ICSE,Science,Class 7,Medium,video,45,https://www.youtube.com/watch?v=w5BIuaWF0yk&pp=ygUtSUNTRSBDbGFzcyA3IFNjaWVuY2UgZnVsbCBjaGFwdGVyIGV4cGxhbmF0aW9u
res_202455fa,Class 8th || Complete MATHS in 1 VIDEO 🔥,ICSE,Mathematics,Class 8,Advanced,video,60,https://www.youtube.com/watch?v=hPC0Q6VzlUo&pp=ygUxSUNTRSBDbGFzcyA4IE1hdGhlbWF0aWNzIGZ1bGwgY2hhcHRlciBleHBsYW5hdGlvbtIHCQm-CgGHKiGM7w%3D%3D
res_529507c7,AARAMBH Batch 2027 - Latest Update 🔥,ICSE,Mathematics,Class 8,Medium,video,60,https://www.youtube.com/watch?v=25DF4EYM1xc&pp=ygUxSUNTRSBDbGFzcyA4IE1hdGhlbWF0aWNzIGZ1bGwgY2hhcHRlciBleHBsYW5hdGlvbg%3D%3D
res_cd27fff7,Factorization in One Shot | Maths - Class 8th | Umang | Physics Wallah,ICSE,Mathematics,Class 8,Advanced,video,20,https://www.youtube.com/watch?v=HD3z0c9obrA&pp=ygUxSUNTRSBDbGFzcyA4IE1hdGhlbWF0aWNzIGZ1bGwgY2hhcHRlciBleHBsYW5hdGlvbg%3D%3D
res_0c30bbcc,Water | ICSE Class 8 Science Chapter 8 | Full Explaination | PW ICSE,ICSE,Science,Class 8,Advanced,video,30,https://www.youtube.com/watch?v=_xZg-iu-l0c&pp=ygUtSUNTRSBDbGFzcyA4IFNjaWVuY2UgZnVsbCBjaGFwdGVyIGV4cGxhbmF0aW9u
res_64bf7b1a,Electricity | Class 8 Science ICSE | Complete Chapter Explaination | PW ICSE,ICSE,Science,Class 8,Advanced,video,60,https://www.youtube.com/watch?v=y9qrLRGKDeM&pp=ygUtSUNTRSBDbGFzcyA4IFNjaWVuY2UgZnVsbCBjaGFwdGVyIGV4cGxhbmF0aW9u
res_7ec0d274,Sound | ICSE Class 8 Science Chapter 6 | Complete Chapter,ICSE,Science,Class 8,Medium,video,60,https://www.youtube.com/watch?v=s5vxhE8VGbk&pp=ygUtSUNTRSBDbGFzcyA4IFNjaWVuY2UgZnVsbCBjaGFwdGVyIGV4cGxhbmF0aW9u
res_6065cff1,Class 9 ICSE Complete Maths Marathon in One Shot | Final Term Exams,ICSE,Mathematics,Class 9,Beginner,video,20,https://www.youtube.com/watch?v=oCeSM_PyUJM&pp=ygUxSUNTRSBDbGFzcyA5IE1hdGhlbWF0aWNzIGZ1bGwgY2hhcHRlciBleHBsYW5hdGlvbg%3D%3D
res_7e0e7560,TRAINGLES ICSE Class 9 Maths | Complete Chapter Covered + Questions,ICSE,Mathematics,Class 9,Advanced,video,20,https://www.youtube.com/watch?v=I1CAODgJffc&pp=ygUxSUNTRSBDbGFzcyA5IE1hdGhlbWF0aWNzIGZ1bGwgY2hhcHRlciBleHBsYW5hdGlvbg%3D%3D
res_58e4cda0,SOUND - Full Chapter in 45 Min | ICSE Class 9 Physics | Mind Map Revision,ICSE,Science,Class 9,Medium,video,30,https://www.youtube.com/watch?v=iyog-zVwxKw&pp=ygUtSUNTRSBDbGFzcyA5IFNjaWVuY2UgZnVsbCBjaGFwdGVyIGV4cGxhbmF0aW9u
res_ed34fae5,CURRENT ELECTRICITY - Full Chapter in 45 Min | ICSE Class 9 Physics | Mind Map Revision,ICSE,Science,Class 9,Advanced,video,45,https://www.youtube.com/watch?v=TjelIlE04dg&pp=ygUtSUNTRSBDbGFzcyA5IFNjaWVuY2UgZnVsbCBjaGFwdGVyIGV4cGxhbmF0aW9u
res_e6e22d11,MAGNETISM - Full Chapter in 45 Min | ICSE Class 9 Physics | Mind Map Revision,ICSE,Science,Class 9,Beginner,video,20,https://www.youtube.com/watch?v=QL0S01k9l8E&pp=ygUtSUNTRSBDbGFzcyA5IFNjaWVuY2UgZnVsbCBjaGFwdGVyIGV4cGxhbmF0aW9u
res_207769c4,ICSE 10th Maths Students Reaction 2026 |ICSE2nd March Maths paper solution2026|ICSE Maths Answer key,ICSE,Mathematics,Class 10,Beginner,video,60,https://www.youtube.com/watch?v=A_l9EIbkhQs&pp=ygUySUNTRSBDbGFzcyAxMCBNYXRoZW1hdGljcyBmdWxsIGNoYXB0ZXIgZXhwbGFuYXRpb24%3D
res_286eae45,ICSE Class 10 Maths Paper Analysis 2026 | ICSE Class 10 Maths Exam Review 2nd March 2026,ICSE,Mathematics,Class 10,Beginner,video,30,https://www.youtube.com/watch?v=3ds9TEoEcHc&pp=ygUySUNTRSBDbGFzcyAxMCBNYXRoZW1hdGljcyBmdWxsIGNoYXB0ZXIgZXhwbGFuYXRpb24%3D
res_ebb54cd9,ICSE Class 10 MATHS Last Minute Revision 5 AM | Class 10 Maths Revision For Board Exam 2026,ICSE,Mathematics,Class 10,Advanced,video,30,https://www.youtube.com/watch?v=P6KU0jT6eQc&pp=ygUySUNTRSBDbGFzcyAxMCBNYXRoZW1hdGljcyBmdWxsIGNoYXB0ZXIgZXhwbGFuYXRpb24%3D
res_924cf619,Force Complete Chapter in One Shot | Class 10 Physics | ICSE Board | LEGEND 2026,ICSE,Science,Class 10,Advanced,video,45,https://www.youtube.com/watch?v=nOTzvl0UTPg&pp=ygUuSUNTRSBDbGFzcyAxMCBTY2llbmNlIGZ1bGwgY2hhcHRlciBleHBsYW5hdGlvbg%3D%3D
res_b15b498d,5 Tricks to Become Human Calculator🤯| Fast Math Calculation Tricks| Prashant Kirad,SSC,Mathematics,Class 6,Advanced,video,20,https://www.youtube.com/watch?v=CCCs6maSxiw&pp=ygUwU1NDIENsYXNzIDYgTWF0aGVtYXRpY3MgZnVsbCBjaGFwdGVyIGV4cGxhbmF0aW9u
res_dc179bab,Playing With Constructions | Part 1 | Class 6 Maths |  Chapter 8 | Ganita Prakash,SSC,Mathematics,Class 6,Medium,video,20,https://www.youtube.com/watch?v=OLwC2qFvwTg&pp=ygUwU1NDIENsYXNzIDYgTWF0aGVtYXRpY3MgZnVsbCBjaGFwdGVyIGV4cGxhbmF0aW9u
res_019d692c,Perimeter and Area | Class 6th Maths | Complete Chapter,SSC,Mathematics,Class 6,Advanced,video,60,https://www.youtube.com/watch?v=QdtqCjoLiQc&pp=ygUwU1NDIENsYXNzIDYgTWF0aGVtYXRpY3MgZnVsbCBjaGFwdGVyIGV4cGxhbmF0aW9u
res_bed487f5,Work and Energy | Class 6 | Science | English Medium | SSC Board | Home Revise,SSC,Science,Class 6,Medium,video,60,https://www.youtube.com/watch?v=r7s0xw1FpCI&pp=ygUsU1NDIENsYXNzIDYgU2NpZW5jZSBmdWxsIGNoYXB0ZXIgZXhwbGFuYXRpb24%3D
res_fad7513c,Class 6th || Complete Science in One Video || Toppers Toli By Pratibha Ma'am,SSC,Science,Class 6,Medium,video,60,https://www.youtube.com/watch?v=pqdNOOXTbSY&pp=ygUsU1NDIENsYXNzIDYgU2NpZW5jZSBmdWxsIGNoYXB0ZXIgZXhwbGFuYXRpb24%3D
res_c6aa1fcf,The Universe Class 6th | Science Class 6 Chapter 16 The Universe | Maharashtra Board By Vidhi Mam,SSC,Science,Class 6,Beginner,video,20,https://www.youtube.com/watch?v=ONfhRyBEWec&pp=ygUsU1NDIENsYXNzIDYgU2NpZW5jZSBmdWxsIGNoYXB0ZXIgZXhwbGFuYXRpb27SBwkJvgoBhyohjO8%3D
res_59e1b825,Algebric Expression | Cheat Sheet Series For Class 7th,SSC,Mathematics,Class 7,Advanced,video,30,https://www.youtube.com/watch?v=IVoe5iPKBFM&pp=ygUwU1NDIENsYXNzIDcgTWF0aGVtYXRpY3MgZnVsbCBjaGFwdGVyIGV4cGxhbmF0aW9u
res_a41c6d6a,"Math Me Intelligent Kaise Bane | Math में Topper कैसे बनें? | How to score good marks in math, 2024",SSC,Mathematics,Class 7,Medium,video,30,https://www.youtube.com/watch?v=lyJNjjIEENY&pp=ygUwU1NDIENsYXNzIDcgTWF0aGVtYXRpY3MgZnVsbCBjaGFwdGVyIGV4cGxhbmF0aW9u
res_1b7fc174,Geometric Twins Class 7 One Shot || Maths Ganita Prakash Part 2 || Priyanshu Sir,SSC,Mathematics,Class 7,Beginner,video,45,https://www.youtube.com/watch?v=ri-xzVitzkM&pp=ygUwU1NDIENsYXNzIDcgTWF0aGVtYXRpY3MgZnVsbCBjaGFwdGVyIGV4cGxhbmF0aW9u
res_1a9c7fd4,Nutrition in Plants Full Chapter Class 7 Science | NCERT Science Class 7 Chapter 1,SSC,Science,Class 7,Advanced,video,30,https://www.youtube.com/watch?v=oP2sbq9G5PI&pp=ygUsU1NDIENsYXNzIDcgU2NpZW5jZSBmdWxsIGNoYXB0ZXIgZXhwbGFuYXRpb24%3D
res_d5e5c8a0,"Class 7 Science Chapter 1 ""Nutrition in Plants"" (full chapter) cbse ncert",SSC,Science,Class 7,Medium,video,20,https://www.youtube.com/watch?v=EtHByzVO-6c&pp=ygUsU1NDIENsYXNzIDcgU2NpZW5jZSBmdWxsIGNoYXB0ZXIgZXhwbGFuYXRpb24%3D
res_d8068943,7th Nutrition in plants Full Chapter | class 7 science |CBSE 7th science |NCERT class 7 Gradebooster,SSC,Science,Class 7,Beginner,video,45,https://www.youtube.com/watch?v=Dle6GPcFQto&pp=ygUsU1NDIENsYXNzIDcgU2NpZW5jZSBmdWxsIGNoYXB0ZXIgZXhwbGFuYXRpb24%3D
res_0205d5f2,Class 8th || Complete MATHS in 1 VIDEO 🔥,SSC,Mathematics,Class 8,Medium,video,20,https://www.youtube.com/watch?v=hPC0Q6VzlUo&pp=ygUwU1NDIENsYXNzIDggTWF0aGVtYXRpY3MgZnVsbCBjaGFwdGVyIGV4cGxhbmF0aW9u
res_e04637d2,8th class paper leak 🔥 most important maths question | Class 8 Maths cbse ,SSC,Mathematics,Class 8,Advanced,video,20,https://www.youtube.com/watch?v=DjvJ-iZlciA&pp=ygUwU1NDIENsYXNzIDggTWF0aGVtYXRpY3MgZnVsbCBjaGFwdGVyIGV4cGxhbmF0aW9u0gcJCb4KAYcqIYzv
res_bbe5dcc7,LIVE | Class 8 Maths | Important For Board Exams 2026 | Sanjeev Desk Work,SSC,Mathematics,Class 8,Medium,video,60,https://www.youtube.com/watch?v=jD5DTWC5tTY&pp=ygUwU1NDIENsYXNzIDggTWF0aGVtYXRpY3MgZnVsbCBjaGFwdGVyIGV4cGxhbmF0aW9u
res_83363cdb,Class 8 Science Marathon 🔥 Complete Old NCERT Revision | Full Syllabus One Shot | Next Toppers LIVE,SSC,Science,Class 8,Medium,video,20,https://www.youtube.com/watch?v=iq6wgLpb700&pp=ygUsU1NDIENsYXNzIDggU2NpZW5jZSBmdWxsIGNoYXB0ZXIgZXhwbGFuYXRpb24%3D
res_c7198c95,Class 8th | Complete SCIENCE In 1 Video 🔥,SSC,Science,Class 8,Advanced,video,45,https://www.youtube.com/watch?v=ZmDZhqJjWv8&pp=ygUsU1NDIENsYXNzIDggU2NpZW5jZSBmdWxsIGNoYXB0ZXIgZXhwbGFuYXRpb24%3D
res_b0602372,Complete Class 9th MATHS in 1 Shot | Final Marathon 🎯,SSC,Mathematics,Class 9,Medium,video,20,https://www.youtube.com/watch?v=35IP0ggmkjM&pp=ygUwU1NDIENsYXNzIDkgTWF0aGVtYXRpY3MgZnVsbCBjaGFwdGVyIGV4cGxhbmF0aW9u
res_8e33e017,How to Score 100/100 in Maths🔥| Most Easy Way to Score 95% | Prashant Kirad,SSC,Mathematics,Class 9,Advanced,video,45,https://www.youtube.com/watch?v=6pRvUjHDRxY&pp=ygUwU1NDIENsYXNzIDkgTWF0aGVtYXRpY3MgZnVsbCBjaGFwdGVyIGV4cGxhbmF0aW9u
res_cbe793a6,Class 9th Maths Most Important Questions By Ritik Sir | One Shot | Race Series 2026,SSC,Mathematics,Class 9,Advanced,video,20,https://www.youtube.com/watch?v=GR_5rAq23Oc&pp=ygUwU1NDIENsYXNzIDkgTWF0aGVtYXRpY3MgZnVsbCBjaGFwdGVyIGV4cGxhbmF0aW9u
res_5d46555a,Gravitation Complete Chapter🔥| CLASS 9th Science| NCERT covered | Prashant Kirad,SSC,Science,Class 9,Advanced,video,20,https://www.youtube.com/watch?v=yeFQ2Ce_nKo&pp=ygUsU1NDIENsYXNzIDkgU2NpZW5jZSBmdWxsIGNoYXB0ZXIgZXhwbGFuYXRpb24%3D
res_e264c157,Force and Laws of Motion Complete Chapter🔥| CLASS 9th Science| NCERT covered | Prashant Kirad,SSC,Science,Class 9,Medium,video,60,https://www.youtube.com/watch?v=CfxfW64P04s&pp=ygUsU1NDIENsYXNzIDkgU2NpZW5jZSBmdWxsIGNoYXB0ZXIgZXhwbGFuYXRpb24%3D
res_0c467e2e,🔥MOST IMP Topics for SSC Class 10 MATHS 1 | Full Marks Strategy 2026 | Maharashtra Board | AJAY SIR,SSC,Mathematics,Class 10,Beginner,video,60,https://www.youtube.com/watch?v=S6LorH1Hz1E&pp=ygUxU1NDIENsYXNzIDEwIE1hdGhlbWF0aWNzIGZ1bGwgY2hhcHRlciBleHBsYW5hdGlvbg%3D%3D
res_98919709,Real Numbers Class 10 One Shot | Full Concept + Important Questions | AP & TG SSC Board Exams 2026,SSC,Mathematics,Class 10,Medium,video,60,https://www.youtube.com/watch?v=yARRzBXNbmE&pp=ygUxU1NDIENsYXNzIDEwIE1hdGhlbWF0aWNzIGZ1bGwgY2hhcHRlciBleHBsYW5hdGlvbg%3D%3D
res_482ea0d7,MATHS PAPER 💔😭 REVIEW 💀as ICSE 10th grader + storytime💥 #icseboard #exampreparation ,SSC,Mathematics,Class 10,Advanced,video,30,https://www.youtube.com/watch?v=EAi1R42tY98&pp=ygUxU1NDIENsYXNzIDEwIE1hdGhlbWF0aWNzIGZ1bGwgY2hhcHRlciBleHBsYW5hdGlvbg%3D%3D
res_d43cc199,#Nutrition Full Lesson | Nutrition 10th biology full chapter 1 | AP & TS syllabus |10th science ch-1,SSC,Science,Class 10,Advanced,video,45,https://www.youtube.com/watch?v=uMUiwvuXVa4&pp=ygUtU1NDIENsYXNzIDEwIFNjaWVuY2UgZnVsbCBjaGFwdGVyIGV4cGxhbmF0aW9u0gcJCb4KAYcqIYzv
res_983b9c86,Complete Science 1 in ONE VIDEO 🔥 SSC Class 10 Maharashtra Board 2026,SSC,Science,Class 10,Medium,video,60,https://www.youtube.com/watch?v=JkOF8cQMvNY&pp=ygUtU1NDIENsYXNzIDEwIFNjaWVuY2UgZnVsbCBjaGFwdGVyIGV4cGxhbmF0aW9u
res_56dc8938,MATHEMATICS,CBSE,Mathematics,Class 6,Beginner,text,15,https://kumarsir34.files.wordpress.com/2017/04/class-vi-maths-question-bank-for-2017-18.pdf
res_2bdcd8be,CBSE Class 6 Maths Notes Chapter 11 Overview,CBSE,Mathematics,Class 6,Beginner,text,30,https://static.pw.live/5eb393ee95fab7468a79d189/GLOBAL_CMS_BLOGS/19117213-49bf-4c2b-ac1d-23db32d0a939.pdf
res_5da4bd68,CBSE-Class-6-NCERT-Maths-Chapter-5-Notes-and- ...,CBSE,Mathematics,Class 6,Medium,text,30,https://cdnblogdiscover.leverageedu.com/discover/wp-content/uploads/2023/10/CBSE-Class-6-NCERT-Maths-Chapter-5-Notes-and-Important-Exercise-Questions-PDF.pdf
res_b4a476c0,CBSE Class 6 Science Notes,CBSE,Science,Class 6,Beginner,text,30,https://static.pw.live/5eb393ee95fab7468a79d189/GLOBAL_CMS_BLOGS/8bcb623c-99e0-4ebb-83dc-2323326f72de.pdf
res_2ee3d61e,Science Class - 6,CBSE,Science,Class 6,Beginner,text,30,https://cbseacademic.nic.in/cbe/documents/SAS_Science-Class-6.pdf
res_8d42a159,"11 Light, Shadows and Reflections",CBSE,Science,Class 6,Medium,text,15,https://www.vedantu.com/content-files-downloadable/5b4ddaf7e4b07c74100c2ddd.pdf
res_835a7127,CBSE Class 7 Maths Notes Chapter 1 Integers Notes PDF,CBSE,Mathematics,Class 7,Medium,text,15,https://static.pw.live/5eb393ee95fab7468a79d189/GLOBAL_CMS_BLOGS/67a11346-41de-4954-ad08-009926f038fe.pdf
res_120dba61,7Math.pdf,CBSE,Mathematics,Class 7,Medium,text,15,https://cbseacademic.nic.in/web_material/term/7Math.pdf
res_cf2f6ce5,maths-class-vii-question-bank.pdf,CBSE,Mathematics,Class 7,Medium,text,15,https://kumarsir34.wordpress.com/wp-content/uploads/2019/04/maths-class-vii-question-bank.pdf
res_8f4b136e,CBSE Class 7 Science Notes Chapter 1: Plant Nutrition,CBSE,Science,Class 7,Medium,text,30,https://static.pw.live/5eb393ee95fab7468a79d189/GLOBAL_CMS_BLOGS/56f0d651-761b-4a4c-a8fe-efe1488cf168.pdf
res_7e9e5986,Science 7,CBSE,Science,Class 7,Beginner,text,30,https://cbseacademic.nic.in/web_material/term/7science.pdf
res_552a16ec,CBSE Class 7 Science,CBSE,Science,Class 7,Beginner,text,15,https://starnoldsvijaynagar.com/ELearning/Class7/sci_02_8_21.pdf
res_2f7f719d,maths-class-viii-question-bank.pdf,CBSE,Mathematics,Class 8,Beginner,text,15,https://kumarsir34.wordpress.com/wp-content/uploads/2019/04/maths-class-viii-question-bank.pdf
res_1a41175b,Mathematics Class - 8,CBSE,Mathematics,Class 8,Medium,text,15,https://cbseacademic.nic.in/cbe/documents/SAS_Maths-Class-8.pdf
res_c8e39179,Maths- Rational Number Notes (VIII).pdf,CBSE,Mathematics,Class 8,Medium,text,15,https://standrewsdelhi.com/images/assignments/class-8/Maths-%20Rational%20Number%20Notes%20(VIII).pdf
res_9bbf6dd0,CBSE Class 8 Study Material and Notes,CBSE,Science,Class 8,Beginner,text,15,https://media.geeksforgeeks.org/wp-content/uploads/20240415153257/CBSE-Class-8-Study-Material-and-Notes.pdf
res_8895fed6,CBSE Class 8 Science Notes Chapter 1 PDF,CBSE,Science,Class 8,Beginner,text,15,https://static.pw.live/5eb393ee95fab7468a79d189/GLOBAL_CMS_BLOGS/691863b7-a6f5-45ab-af97-7dc93c2fd5b5.pdf
res_bb7ebf7b,Class-8-Science_compressed.pdf,CBSE,Science,Class 8,Medium,text,30,https://sleepyclasses.com/wp-content/uploads/2024/05/Class-8-Science_compressed.pdf
res_7299b88a,Class 9-CBSE-Revision Notes,CBSE,Mathematics,Class 9,Beginner,text,15,https://d138zd1ktt9iqe.cloudfront.net/media/seo_landing_files/file-cbse-class-9-revision-notes-1582196930.pdf
res_2d194c27,CBSE Class 9 Study Material and Notes PDF,CBSE,Mathematics,Class 9,Beginner,text,15,https://media.geeksforgeeks.org/wp-content/uploads/20240410175339/CBSE-Class-9-Study-Material-and-Notes.pdf
res_05d34615,9th-class-maths-notes.pdf,CBSE,Mathematics,Class 9,Medium,text,30,https://www.eduinfo4all.com/download/9th-class-maths-notes.pdf
res_23bc135d,CBSE Class 9 Study Material and Notes PDF,CBSE,Science,Class 9,Medium,text,15,https://media.geeksforgeeks.org/wp-content/uploads/20240410175339/CBSE-Class-9-Study-Material-and-Notes.pdf
res_bee2db5a,CBSE Class 9 Science Revision Notes CHAPTER – 1 Matter ...,CBSE,Science,Class 9,Medium,text,30,https://hi-static.z-dn.net/files/daf/8bfa6018d6087ff8af3d2a72e408dce1.pdf
res_ea3a1480,CBSE Class 9 Science Notes Chapter 2 PDF,CBSE,Science,Class 9,Medium,text,15,https://static.pw.live/5eb393ee95fab7468a79d189/GLOBAL_CMS_BLOGS/7a6e50a0-4f1f-460b-ab03-73c4c15a876b.pdf
res_ec5856bb,Class 10th Maths Revision Paper,CBSE,Mathematics,Class 10,Medium,text,30,https://www.miteshrathiclasses.com/web_components/pdf/class-10th-maths-revision-paper.pdf
res_c6030e43,MATHEMATICS,CBSE,Mathematics,Class 10,Medium,text,15,https://kumarsir34.wordpress.com/wp-content/uploads/2019/10/mll-study-materials-maths-standard-class-x-2019-20.pdf
res_1f1c1d39,Mathematics (Volume 3) | Grade 10,CBSE,Mathematics,Class 10,Medium,text,15,https://cbseacademic.nic.in/web_material/Manuals/Mathematics_10Vol3.pdf
res_da144c62,class-10th-science-revision-paper.pdf,CBSE,Science,Class 10,Medium,text,30,https://www.miteshrathiclasses.com/web_components/pdf/class-10th-science-revision-paper.pdf
res_f3d051ad,CBSE Class 10 Science Revision Notes - Life Processes,CBSE,Science,Class 10,Medium,text,30,https://d2n7zouke881gi.cloudfront.net/CBSE+Class+10+notes/Science/pdf/10_science_notes_06+Life_Processes_1.pdf
res_f36c00ac,CBSE Class 10 Study Material and Notes,CBSE,Science,Class 10,Beginner,text,15,https://media.geeksforgeeks.org/wp-content/uploads/20240415145711/CBSE-Class-10-Study-Material-and-Notes.pdf
res_ba187b9a,MATHEMATICS,ICSE,Mathematics,Class 6,Beginner,text,15,https://kumarsir34.files.wordpress.com/2017/04/class-vi-maths-question-bank-for-2017-18.pdf
res_b95c59af,New Maths Time 6,ICSE,Mathematics,Class 6,Medium,text,15,https://orientblackswan.com/DigitalSpecimen/content/nmt/DigitalSpecimen/New%20Maths%20Time_Class%206_OBS.pdf
res_808d8a6e,MATHS CLASS : 6 WORKSHEET NO. 06,ICSE,Mathematics,Class 6,Beginner,text,15,https://www.ghsallahabad.org/wp-content/uploads/2020/05/Class-6-Maths-WS-06.pdf
res_77304372,Inspired Chemistry 6.pdf,ICSE,Science,Class 6,Medium,text,15,https://orientblackswan.com/DigitalSpecimen/content/is/DigitalSpecimen/Inspired%20Chemistry%206.pdf
res_542f59b0,Class6 Chapter3 Matter,ICSE,Science,Class 6,Beginner,text,15,https://www.holycrossschoolagartala.in/notes/50adf1eee79a81437e1d95d445eb382d.pdf
res_38939d8b,Air Around Us: Science - Class VI,ICSE,Science,Class 6,Beginner,text,15,https://opjsrgh.in/Content/Worksheet/PRACTICE-WS/2022-2023/day29/6-Science.pdf
res_9e359e2c,Icse Maths Guide For 7 Th Standard,ICSE,Mathematics,Class 7,Beginner,text,15,https://admisiones.unicah.edu/fulldisplay/TAjgp1/5OK102/IcseMathsGuideFor7thStandard.pdf
res_b1cf3619,Icse Maths Guide For 7th Standard,ICSE,Mathematics,Class 7,Beginner,text,30,https://solicitudes.gadcolonche.gob.ec/Resources/4P8032/default.aspx/Icse_Maths__Guide__For__7th__Standard.pdf
res_bef2e617,maths-class-vii-question-bank.pdf,ICSE,Mathematics,Class 7,Medium,text,30,https://kumarsir34.wordpress.com/wp-content/uploads/2019/04/maths-class-vii-question-bank.pdf
res_cc9bf4e2,Science- L-8 Respiration in Organisms Notes (VII).pdf,ICSE,Science,Class 7,Medium,text,15,https://standrewsdelhi.com/images/assignments/class-7/Science-%20L-8%20Respiration%20in%20Organisms%20Notes%20(VII).pdf
res_3c817979,Inspired Chemistry 7.pdf,ICSE,Science,Class 7,Medium,text,30,https://orientblackswan.com/DigitalSpecimen/content/is/DigitalSpecimen/Inspired%20Chemistry%207.pdf
res_279f103b,Class 7 physics Chapter 3 Energy Short/Long Answer,ICSE,Science,Class 7,Beginner,text,30,https://lfsraptinagar.ac.in/news/Lfs_120520125022.pdf
res_854c323a,maths-class-viii-question-bank.pdf,ICSE,Mathematics,Class 8,Beginner,text,15,https://kumarsir34.wordpress.com/wp-content/uploads/2019/04/maths-class-viii-question-bank.pdf
res_f86f8974,Maths- Rational Number Notes (VIII).pdf,ICSE,Mathematics,Class 8,Medium,text,15,https://standrewsdelhi.com/images/assignments/class-8/Maths-%20Rational%20Number%20Notes%20(VIII).pdf
res_54fa7e2e,Inspired Maths-8_CV_11122019,ICSE,Mathematics,Class 8,Medium,text,15,https://orientblackswan.com/DigitalSpecimen/content/im/DigitalSpecimen/Inspired%20Maths_Class%208_OBS.pdf
res_7e5597f1,Inspired Chemistry 8.pdf,ICSE,Science,Class 8,Medium,text,30,https://orientblackswan.com/DigitalSpecimen/content/is/DigitalSpecimen/Inspired%20Chemistry%208.pdf
res_35aee09f,Science L-13 Chemical Effects of Electric Current Notes ( ...,ICSE,Science,Class 8,Beginner,text,30,https://standrewsdelhi.com/images/assignments/class-8/Science-%20L-13%20Chemical%20Effects%20of%20Electric%20Current%20Notes%20(VIII).pdf
res_e53b6df9,CLASS 8,ICSE,Science,Class 8,Medium,text,15,https://stmarysajmer.org/data/notes/Module%204/Class%208/Class%208th%20subject%20Science-Worksheet%202%20(1).pdf
res_c5e34478,Concise Mathematics Class 9 Icse Guide ...,ICSE,Mathematics,Class 9,Beginner,text,15,https://www.quiz.wcd.kerala.gov.in/jPPTb/52795FV/ikeyc/15836F7V26/concise__mathematics__class-9-icse-guide.pdf
res_9dc91bde,Concise Mathematics Class 9 Icse Guide Concise ... - Motion,ICSE,Mathematics,Class 9,Medium,text,30,https://www.topperlearning.motion.ac.in/mgutb/53614VU/kfeallw/497268UV23/concise+mathematics+class+9+icse+guide.pdf
res_75324754,Maths Formulas for Class 9 PDF.docx,ICSE,Mathematics,Class 9,Beginner,text,30,https://cdn1.byjus.com/wp-content/uploads/2022/08/Maths-Formulas-for-Class-9-PDF.docx.pdf
res_652ca803,Student Support Material Graded Worksheets Class – IX & X,ICSE,Science,Class 9,Medium,text,30,https://cdnbbsr.s3waas.gov.in/s3kv01825a9211f2dfdf28a3d01d3e7831/uploads/2025/07/2025071727.pdf
res_f14f8da5,Science Sound Notes (IX).pdf,ICSE,Science,Class 9,Beginner,text,15,https://standrewsdelhi.com/images/assignments/class-9/Science-%20Sound%20Notes%20(IX).pdf
res_32d9c3cb,QUEST BOOK - ICSE 9 Physics Worksheets,ICSE,Science,Class 9,Beginner,text,15,http://learnatquest.in/wordpress/wp-content/uploads/2018/08/QUEST-BOOK-ICSE-9-Physics.pdf
res_0ad51409,Goods and Services Tax notes for ICSE Class 10,ICSE,Mathematics,Class 10,Beginner,text,30,https://www.selfstudys.com/uploads/pdf/bLnvCBv4cagdXUv5IRvR.pdf
res_b9df2675,WORKSHEET FOR CLASS 10,ICSE,Mathematics,Class 10,Medium,text,15,https://cdnbbsr.s3waas.gov.in/s3kv01beaf162aa111f4d4f4f006d5949f/uploads/2024/02/2024020234.pdf
res_a2608763,Circles class 10 notes,ICSE,Mathematics,Class 10,Medium,text,30,https://uploads-ssl.webflow.com/6723c847f37cf61c3e654800/67a253990bdec87ad5e00e6b_93079816928.pdf
res_c721158c,QUEST BOOK - ICSE 10 Chemistry,ICSE,Science,Class 10,Beginner,text,30,http://learnatquest.in/wordpress/wp-content/uploads/2018/08/QUEST-BOOK-ICSE-10-Chemistry.pdf
res_558a128b,Sense Organs notes for ICSE Class 10 Biology,ICSE,Science,Class 10,Beginner,text,30,https://www.selfstudys.com/uploads/pdf/Z3yhKDm8nNHreHchW4uX.pdf
res_57dae959,PHYSICS,ICSE,Science,Class 10,Beginner,text,30,https://kumarsir34.wordpress.com/wp-content/uploads/2019/04/physics-class-x-reference-study-material.pdf
res_08c84459,6th class maths em.pdf,SSC,Mathematics,Class 6,Medium,text,15,https://scert.telangana.gov.in/pdf/publication/ebooks2019/6th%20class%20maths%20em.pdf
res_1f392181,maths-class-vi-question-bank.pdf,SSC,Mathematics,Class 6,Medium,text,30,https://kumarsir34.wordpress.com/wp-content/uploads/2019/04/maths-class-vi-question-bank.pdf
res_cdee841b,MATHEMATICS,SSC,Mathematics,Class 6,Medium,text,30,https://svpv.in/wp/pdf/primary/books/std6-bb-maths.pdf
res_d7a6cbe7,6th Science EM Cover Free.pmd,SSC,Science,Class 6,Beginner,text,30,https://scert.telangana.gov.in/pdf/publication/ebooks2019/6%20general%20science%20em%202020-21.pdf
res_72a4703d,general science,SSC,Science,Class 6,Beginner,text,15,https://books.ebalbharati.in/pdfs/603020012.pdf
res_a8e17b50,VII Maths - English,SSC,Mathematics,Class 7,Beginner,text,15,https://scert.telangana.gov.in/PDF/publication/ebooks/7EM_MAT.pdf
res_53f6950a,maths-class-vii-question-bank.pdf,SSC,Mathematics,Class 7,Beginner,text,30,https://kumarsir34.wordpress.com/wp-content/uploads/2019/04/maths-class-vii-question-bank.pdf
res_15f7362d,MATHEMATICS,SSC,Mathematics,Class 7,Beginner,text,15,https://books.ebalbharati.in/pdfs/703020004.pdf
res_479be22a,7 Science,SSC,Science,Class 7,Medium,text,30,https://scert.telangana.gov.in/pdf/publication/ebooks/7%20science%20em%202024-25.pdf
res_50ba86dc,ENGLISH-Science Cover 7th.cdr,SSC,Science,Class 7,Beginner,text,30,https://svpv.in/wp/pdf/secondary/books/std7-bb-science.pdf
res_ec10e459,maths-class-viii-question-bank.pdf,SSC,Mathematics,Class 8,Medium,text,30,https://kumarsir34.wordpress.com/wp-content/uploads/2019/04/maths-class-viii-question-bank.pdf
res_5b9e2a55,Contents Maths Class 8.pmd,SSC,Mathematics,Class 8,Medium,text,30,https://scert.telangana.gov.in/pdf/publication/ebooks2019/8%20maths%20em%202020-21.pdf
res_3b60436a,CLASS-VIII MATHEMATICS ASSIGNMENT TOPIC ...,SSC,Mathematics,Class 8,Medium,text,15,https://noida.cambridgeschool.edu.in/wp-content/uploads/sites/4/2020/02/Class8STAssignment.pdf
res_0b994c64,VIII Biology EM Title Free.pmd,SSC,Science,Class 8,Beginner,text,30,https://scert.telangana.gov.in/pdf/publication/ebooks2019/8%20bio%20sci%20em%202020-21.pdf
res_ecdbb27b,ENG-SCIENCE -8TH COVER-FINAL,SSC,Science,Class 8,Medium,text,30,https://svpv.in/wp/pdf/secondary/books/std8-science.pdf
res_ff3f0817,SCIENCE-MANUAL-8TH-CLASS.pdf,SSC,Science,Class 8,Medium,text,30,https://vidyabhartiedu.org/wp-content/uploads/2020/06/SCIENCE-MANUAL-8TH-CLASS.pdf
res_5678e897,9 maths em 2021.pdf,SSC,Mathematics,Class 9,Medium,text,15,https://scert.telangana.gov.in/pdf/publication/ebooks2019/9%20maths%20em%202021.pdf
res_65529407,Maths Formulas for Class 9 PDF.docx,SSC,Mathematics,Class 9,Beginner,text,15,https://cdn1.byjus.com/wp-content/uploads/2022/08/Maths-Formulas-for-Class-9-PDF.docx.pdf
res_34a38e14,E-marking-Notes-Mathematics-IX-2025 - AKUEB Resources,SSC,Mathematics,Class 9,Medium,text,30,https://files.akuebresources.com/2025/11/E-marking-Notes-Mathematics-IX-2025.pdf
res_62511100,PHYSICS,SSC,Science,Class 9,Beginner,text,15,https://kumarsir34.wordpress.com/wp-content/uploads/2019/04/physics-class-ix-reference-study-material.pdf
res_bf9fe18c,9th CHEMISTRY,SSC,Science,Class 9,Beginner,text,15,https://padasalaitet.files.wordpress.com/2013/03/97-tet-9th-chemistry-notes-em.pdf
res_53fcbd4a,903020456.pdf,SSC,Science,Class 9,Beginner,text,15,https://books.ebalbharati.in/pdfs/903020456.pdf
res_7eb6b050,10 maths em - 20.pdf,SSC,Mathematics,Class 10,Medium,text,15,https://scert.telangana.gov.in/pdf/publication/ebooks2019/10%20maths%20em%20-%2020.pdf
res_c115a64f,WORKSHEET FOR CLASS 10,SSC,Mathematics,Class 10,Beginner,text,30,https://cdnbbsr.s3waas.gov.in/s3kv01beaf162aa111f4d4f4f006d5949f/uploads/2024/02/2024020234.pdf
res_ed379f5e,SSC Subject: Quantitative Aptitude Topic: Geometry,SSC,Mathematics,Class 10,Beginner,text,15,https://tamilnaducareerservices.tn.gov.in/asset/docs/course_pdf/190758632.pdf
res_c76dabca,Class 10th Science Revision Paper,SSC,Science,Class 10,Medium,text,30,https://www.miteshrathiclasses.com/web_components/pdf/class-10th-science-revision-paper.pdf
res_a16a561e,Student Support Material Class-X Science Part-A,SSC,Science,Class 10,Medium,text,15,https://cdnbbsr.s3waas.gov.in/s3kv03d1ddba1029dc38592f5f6b9b889f/uploads/2024/08/2024081965.pdf
res_a0f50f10,PHYSICS,SSC,Science,Class 10,Medium,text,15,https://kumarsir34.wordpress.com/wp-content/uploads/2019/04/physics-class-x-reference-study-material.pdf
