student_id,name,grade_level,preferred_format,baseline_score
stu_d3de5b33,Rahul Singh,Class 6,text,64
stu_311beb1a,Sneha Desai,Class 8,text,53
stu_d3736af1,Aarav Rao,Class 7,text,52
stu_2af6acbb,Karan Kumar,Class 6,text,61
stu_6cda09dd,Priya Desai,Class 10,video,68
stu_71ce20bd,Ananya Rao,Class 8,video,72
stu_2a8556f5,Priya Rao,Class 6,text,100
stu_fc2bbee4,Priya Reddy,Class 10,video,70
stu_390c8e9e,Rahul Patel,Class 6,text,43
stu_48a4997d,Rohan Joshi,Class 10,video,73
stu_36d46e0d,Diya Nair,Class 8,text,72
stu_bdf174d4,Aditya Sharma,Class 8,video,40
stu_1dab2dc9,Kavya Kumar,Class 6,video,46
stu_581a731b,Ananya Rao,Class 8,text,66
stu_070ceacb,Sneha Joshi,Class 9,video,96
stu_c9d7202b,Rohan Gupta,Class 7,video,44
stu_ef754f3d,Diya Reddy,Class 8,video,45
stu_f591e6af,Sneha Sharma,Class 10,video,80
stu_bca695e0,Sneha Singh,Class 9,text,40
stu_016d16d0,Diya Nair,Class 8,text,84
stu_ee8f9c3e,Rohan Sharma,Class 9,text,98
stu_84359cdb,Sneha Desai,Class 8,text,66
stu_c21b2423,Sneha Singh,Class 8,text,63
stu_87d4aebe,Rahul Rao,Class 7,video,84
stu_19ea3689,Kavya Gupta,Class 6,text,67
stu_1a7a093f,Rahul Sharma,Class 6,video,63
stu_1793ee42,Aditya Joshi,Class 10,video,82
stu_44c2c987,Sneha Singh,Class 8,text,97
stu_ffedc7ef,Kavya Rao,Class 10,text,51
stu_64a69fa5,Priya Rao,Class 6,video,68
stu_468ab005,Priya Kumar,Class 7,text,60
stu_de2fdc0a,Priya Sharma,Class 6,video,56
stu_a22b93c3,Kavya Desai,Class 7,video,50
stu_707f7c29,Sneha Joshi,Class 8,text,68
stu_8630b410,Priya Rao,Class 10,video,64
stu_422268d8,Aarav Reddy,Class 10,video,98
stu_02ca30be,Aditya Joshi,Class 10,video,42
stu_e947a439,Rohan Nair,Class 7,text,41
stu_aef951a9,Aarav Rao,Class 9,video,53
stu_450a8db3,Rahul Kumar,Class 9,text,79
stu_80aa9c07,Rohan Joshi,Class 8,text,42
stu_ba034201,Ananya Gupta,Class 10,video,48
stu_0b173b6e,Diya Gupta,Class 6,video,41
stu_a2ce2167,Sneha Patel,Class 10,text,70
stu_6ccf1726,Aditya Desai,Class 7,video,62
stu_8186cd3a,Karan Desai,Class 9,video,91
stu_5a53d887,Rahul Singh,Class 6,video,63
stu_d5740a17,Rohan Nair,Class 6,text,69
stu_d42e81e7,Ananya Gupta,Class 8,video,40
stu_be80188c,Karan Rao,Class 8,text,70
stu_39c0ff7c,Kavya Reddy,Class 8,text,51
stu_1e740d69,Rahul Sharma,Class 10,video,77
stu_6b5f736a,Aarav Singh,Class 10,video,47
stu_e1945007,Ananya Kumar,Class 6,video,42
stu_c5032e9b,Rahul Rao,Class 10,video,99
stu_8339d87d,Diya Joshi,Class 9,text,73
stu_1dc57568,Ananya Rao,Class 8,text,54
stu_3698bdc9,Priya Rao,Class 7,text,77
stu_7f5e6403,Rohan Sharma,Class 8,video,55
stu_96dd82b9,Kavya Desai,Class 8,text,68
stu_40daed29,Aditya Joshi,Class 10,video,76
stu_11d331e3,Kavya Desai,Class 7,video,77
stu_c178d779,Karan Rao,Class 9,video,85
stu_4ecba76d,Kavya Sharma,Class 7,video,82
stu_55a1d2ba,Sneha Singh,Class 7,text,90
stu_d61d39c0,Rohan Gupta,Class 8,text,43
stu_ba8ef7af,Kavya Gupta,Class 10,text,64
stu_fa895d0c,Priya Singh,Class 8,text,53
stu_678702c6,Kavya Nair,Class 8,video,60
stu_b55b69ba,Diya Rao,Class 8,video,50
stu_1019d677,Aarav Nair,Class 10,video,63
stu_49374b8a,Karan Desai,Class 8,text,47
stu_266fdf6d,Diya Joshi,Class 8,text,85
stu_5b62b49c,Karan Nair,Class 6,text,57
stu_79d7f43f,Ananya Kumar,Class 10,video,59
stu_ad3e2546,Aditya Gupta,Class 7,text,92
stu_bfd0e513,Rahul Sharma,Class 6,text,65
stu_258871a7,Priya Joshi,Class 8,text,85
stu_bbaf93db,Sneha Desai,Class 10,video,41
stu_78b9749e,Sneha Rao,Class 7,video,76
stu_980e4362,Rohan Gupta,Class 10,video,97
stu_47d6e2a8,Karan Desai,Class 9,video,83
stu_616c5f70,Karan Joshi,Class 10,video,78
stu_7196c006,Diya Patel,Class 9,video,99
stu_19cc45b8,Karan Sharma,Class 8,video,46
stu_e0ddaf4a,Rahul Desai,Class 8,video,40
stu_69ea53f6,Ananya Patel,Class 9,text,42
stu_585d7ba3,Karan Singh,Class 10,video,72
stu_996a9607,Rahul Desai,Class 6,video,40
stu_c81593c9,Diya Rao,Class 10,text,93
stu_19b8001f,Sneha Rao,Class 8,text,93
stu_f84d78a6,Sneha Nair,Class 8,text,79
stu_8da6957d,Ananya Gupta,Class 8,text,66
stu_b359e267,Karan Kumar,Class 10,text,70
stu_5f2e2899,Ananya Nair,Class 8,text,67
stu_2c548547,Priya Joshi,Class 8,text,47
stu_e9f4eb8c,Ananya Nair,Class 10,text,64
stu_69aa60eb,Rohan Sharma,Class 7,video,79
stu_478c921c,Sneha Desai,Class 6,text,72
stu_582c43ae,Diya Desai,Class 7,video,73
stu_cdda58b1,Kavya Patel,Class 9,text,91
stu_25b04492,Aarav Gupta,Class 10,video,69
stu_aa5d109f,Rohan Nair,Class 9,video,57
stu_16e71cc2,Rahul Nair,Class 10,video,90
stu_bf378ea9,Diya Desai,Class 6,text,61
stu_da20ebf5,Diya Rao,Class 10,text,49
stu_44a2f1a3,Priya Sharma,Class 6,video,60
stu_5dfab022,Sneha Sharma,Class 10,video,57
stu_b0ef5794,Rohan Singh,Class 6,text,85
stu_68b1eb05,Diya Patel,Class 10,text,52
stu_cb1b9eaa,Diya Gupta,Class 10,video,67
stu_c36f654f,Aarav Singh,Class 9,text,56
stu_9cbd4901,Priya Nair,Class 6,text,51
stu_2e24ad70,Ananya Gupta,Class 9,text,94
stu_6d1a570e,Rahul Singh,Class 6,video,83
stu_b789d387,Aarav Nair,Class 9,video,91
stu_ddd56837,Ananya Singh,Class 8,video,70
stu_89d85ba5,Rahul Joshi,Class 9,video,91
stu_fc9604fe,Aarav Nair,Class 9,video,84
stu_3119a502,Aditya Joshi,Class 7,video,55
stu_b4a88278,Kavya Reddy,Class 9,text,52
stu_9cf4ccb9,Priya Patel,Class 7,video,40
stu_3ecad8ce,Sneha Nair,Class 9,video,50
stu_824cadd0,Kavya Gupta,Class 10,video,74
stu_218c43a8,Karan Sharma,Class 10,video,66
stu_ae4f9903,Aditya Nair,Class 8,text,86
stu_8496b4be,Rohan Kumar,Class 10,video,93
stu_1717635f,Aarav Joshi,Class 6,video,99
stu_0f4afad9,Priya Gupta,Class 9,video,52
stu_b621c4b0,Ananya Rao,Class 10,text,74
stu_1e059def,Aarav Joshi,Class 8,text,68
stu_371eec2f,Aditya Patel,Class 7,text,51
stu_3bc126eb,Karan Sharma,Class 6,text,84
stu_91bb4bb5,Rahul Nair,Class 9,video,70
stu_64a973a2,Ananya Rao,Class 8,text,68
stu_41a85e1e,Kavya Patel,Class 6,text,75
stu_b46af3c9,Ananya Desai,Class 9,video,75
stu_d9d942f5,Diya Singh,Class 8,video,53
stu_5229402e,Rahul Joshi,Class 10,video,50
stu_cc46e368,Kavya Joshi,Class 9,text,75
stu_87a83c79,Priya Patel,Class 9,text,98
stu_44294a16,Aarav Rao,Class 10,video,86
stu_93ce4d82,Ananya Patel,Class 6,text,53
stu_0c4c55ca,Ananya Rao,Class 9,video,97
stu_3ccc3823,Diya Gupta,Class 10,video,87
stu_5add2a96,Ananya Desai,Class 9,text,88
stu_0d5d9385,Diya Desai,Class 10,text,60
stu_d37e1856,Priya Sharma,Class 10,text,83
stu_d8f0c352,Aarav Singh,Class 10,text,58
stu_e869627b,Kavya Reddy,Class 9,text,76
stu_de842915,Diya Gupta,Class 9,video,75
stu_bf081646,Sneha Reddy,Class 9,text,53
stu_83590388,Aarav Sharma,Class 10,text,95
stu_f7f2bdb5,Sneha Joshi,Class 8,video,63
stu_ada4e690,Karan Joshi,Class 8,text,72
stu_46d96e2b,Sneha Sharma,Class 6,text,40
stu_fe4a31e3,Ananya Joshi,Class 9,text,44
stu_32f5de8a,Sneha Patel,Class 10,text,54
stu_fef99049,Aarav Gupta,Class 10,video,50
stu_a68027d5,Rahul Rao,Class 7,text,96
stu_994922bf,Priya Gupta,Class 7,text,81
stu_43e59c7c,Rahul Reddy,Class 8,text,69
stu_f8d0a9c0,Aditya Joshi,Class 9,video,95
stu_9fa0feb2,Kavya Gupta,Class 10,text,93
stu_f6dc8819,Kavya Nair,Class 10,video,87
stu_a7acb393,Sneha Gupta,Class 6,text,51
stu_2054b6e2,Sneha Sharma,Class 10,video,43
stu_96654c4a,Ananya Sharma,Class 9,video,81
stu_8cf19210,Sneha Kumar,Class 9,video,49
stu_0906e19f,Karan Kumar,Class 9,video,49
stu_cbc855be,Rahul Gupta,Class 6,text,68
stu_26234d2d,Diya Singh,Class 8,text,76
stu_f451e3d6,Priya Gupta,Class 8,video,46
stu_8e6d4925,Aditya Gupta,Class 7,text,97
stu_b11a8d36,Aarav Patel,Class 6,text,69
stu_8cbb5325,Diya Gupta,Class 8,text,56
stu_44900b95,Kavya Kumar,Class 6,video,65
stu_b5f2232b,Karan Gupta,Class 6,text,99
stu_ad992028,Karan Reddy,Class 6,video,89
stu_cb62ea23,Priya Patel,Class 7,text,100
stu_9838826c,Diya Nair,Class 7,video,88
stu_a8e370e9,Kavya Rao,Class 9,text,72
stu_60028f3a,Aditya Singh,Class 8,video,75
stu_b967ad98,Aditya Patel,Class 9,video,95
stu_faae9055,Diya Reddy,Class 7,video,87
stu_25c0aedf,Diya Kumar,Class 6,video,77
stu_1849854b,Rahul Rao,Class 9,video,82
stu_5adda926,Karan Desai,Class 7,video,65
stu_a2fecbbb,Rahul Gupta,Class 6,video,87
stu_0a40f2e7,Rahul Singh,Class 10,video,63
stu_95dac472,Rohan Patel,Class 6,text,52
stu_2d833731,Aarav Sharma,Class 8,text,59
stu_4e17e7b0,Karan Singh,Class 6,video,97
stu_ec21bb7c,Aarav Patel,Class 9,video,100
stu_d4e0740a,Aditya Sharma,Class 7,text,64
stu_f7509db3,Rohan Sharma,Class 9,text,77
stu_a0171c30,Aarav Patel,Class 10,text,54
stu_82207978,Aarav Kumar,Class 9,video,53
stu_b4930aa4,Aditya Sharma,Class 7,text,42
stu_2357b1bb,Karan Desai,Class 6,video,69
stu_00140d1a,Sneha Gupta,Class 9,video,81
stu_53552d6e,Rohan Patel,Class 7,video,59
stu_7d9837c9,Rahul Joshi,Class 6,text,67
stu_66ae00c4,Ananya Sharma,Class 10,video,92
stu_5928a072,Kavya Patel,Class 7,text,82
stu_5ff6b59e,Diya Nair,Class 9,video,64
stu_1f68e4a8,Karan Patel,Class 8,text,63
stu_a09edb88,Karan Joshi,Class 9,text,98
stu_485f7415,Diya Reddy,Class 7,video,60
stu_3296db26,Kavya Rao,Class 10,text,80
stu_8b1d4c94,Sneha Desai,Class 7,video,43
stu_4ad3af48,Aditya Reddy,Class 7,text,88
stu_728268f8,Karan Nair,Class 8,video,95
stu_eb0fd29e,Sneha Kumar,Class 9,video,63
stu_911b26ac,Aditya Singh,Class 10,text,94
stu_59f66e08,Aditya Singh,Class 10,text,44
stu_164c1107,Karan Singh,Class 9,video,80
stu_75b99032,Kavya Nair,Class 10,text,96
stu_ea63736c,Kavya Patel,Class 10,video,62
stu_ff8d6aa7,Ananya Joshi,Class 8,text,64
stu_cea188d6,Sneha Desai,Class 8,text,84
stu_dbef0873,Rahul Kumar,Class 10,text,45
stu_848beecc,Aditya Joshi,Class 10,text,44
stu_38cc7be5,Aditya Reddy,Class 7,video,97
stu_86e629ad,Rohan Joshi,Class 6,video,53
stu_79c8cf79,Priya Sharma,Class 7,video,73
stu_839f712c,Kavya Kumar,Class 7,video,80
stu_1c7de2d3,Sneha Reddy,Class 7,text,58
stu_58d92de4,Diya Joshi,Class 6,text,97
stu_f2492c86,Sneha Sharma,Class 10,text,77
stu_04658778,Kavya Reddy,Class 9,video,83
stu_65904c66,Priya Joshi,Class 8,text,91
stu_01a6caab,Karan Reddy,Class 6,video,95
stu_bf284ec4,Priya Gupta,Class 6,text,87
stu_26e3aead,Diya Sharma,Class 6,video,95
stu_093f484d,Karan Rao,Class 10,video,51
stu_b0753faa,Diya Gupta,Class 10,video,49
stu_b6c76cd4,Aarav Gupta,Class 7,text,43
stu_015128c1,Priya Singh,Class 6,video,95
stu_3c710c3e,Rahul Nair,Class 8,video,55
stu_b999a579,Diya Singh,Class 8,text,64
stu_bac361af,Rahul Kumar,Class 7,video,47
stu_3ee2ecaf,Aditya Gupta,Class 10,video,54
stu_2effe8af,Ananya Gupta,Class 10,video,87
stu_eb9df410,Karan Nair,Class 9,text,89
stu_90f2580f,Karan Rao,Class 10,text,74
stu_2888351b,Karan Nair,Class 9,text,54
stu_9da7c42e,Aarav Rao,Class 7,video,95
stu_8e1f237f,Karan Kumar,Class 7,video,91
stu_05f48627,Kavya Desai,Class 9,text,66
stu_384b722c,Rahul Singh,Class 10,video,66
stu_56e5288b,Diya Gupta,Class 10,text,74
stu_c504be22,Rahul Gupta,Class 7,video,96
stu_0f7b7820,Sneha Rao,Class 7,text,63
stu_ea94c10d,Aarav Joshi,Class 7,text,82
stu_36a284ed,Kavya Singh,Class 8,video,94
stu_debc7db2,Aditya Joshi,Class 8,text,93
stu_1388049d,Priya Joshi,Class 8,text,74
stu_db2bcca5,Rohan Sharma,Class 6,text,73
stu_ca85045b,Aarav Patel,Class 7,text,93
stu_3c43cd67,Rohan Singh,Class 6,video,53
stu_3e10a165,Aditya Desai,Class 7,video,88
stu_25df4651,Ananya Desai,Class 9,video,59
stu_69997ac3,Priya Singh,Class 6,text,63
stu_661e40f8,Diya Kumar,Class 10,text,83
stu_a799e02a,Aditya Gupta,Class 7,video,57
stu_7ed54729,Sneha Reddy,Class 8,text,93
stu_57a55f84,Priya Rao,Class 9,text,42
stu_8d05d572,Diya Joshi,Class 7,video,63
stu_3171584d,Ananya Rao,Class 9,text,72
stu_c12b6651,Ananya Reddy,Class 9,text,75
stu_e5198511,Ananya Rao,Class 10,text,51
stu_33374d7f,Sneha Kumar,Class 9,video,43
stu_7e573f72,Diya Nair,Class 8,video,94
stu_7f217ad9,Priya Singh,Class 6,text,46
stu_30fa01eb,Kavya Nair,Class 8,video,81
stu_c0dc0a7d,Priya Joshi,Class 9,video,73
stu_a6d126b3,Aditya Gupta,Class 8,video,73
stu_796df32f,Kavya Rao,Class 10,text,43
stu_bc71ca79,Karan Patel,Class 8,text,50
stu_dc42654a,Sneha Reddy,Class 7,video,45
stu_28dc6bce,Kavya Nair,Class 10,text,90
stu_54de3311,Aarav Desai,Class 9,video,86
stu_e33f5939,Rohan Kumar,Class 7,text,63
stu_f606a63a,Aditya Patel,Class 8,video,47
stu_fd926cb8,Kavya Patel,Class 8,text,56
stu_2f2097d9,Aarav Sharma,Class 8,text,74
stu_49da0fe2,Rohan Sharma,Class 6,text,57
stu_d79d3746,Karan Nair,Class 10,text,56
stu_0f259962,Aditya Rao,Class 6,text,73
stu_9ff50f3f,Kavya Nair,Class 8,text,64
stu_220116cf,Priya Joshi,Class 8,video,76
stu_6019b8c8,Karan Sharma,Class 6,video,40
stu_eed87473,Karan Gupta,Class 6,text,75
stu_0be1caa4,Karan Reddy,Class 7,video,92
stu_0be3b6f2,Priya Rao,Class 10,text,71
stu_51893300,Diya Rao,Class 10,video,46
stu_7e586fa0,Priya Joshi,Class 8,text,76
stu_ac7cb42f,Rohan Sharma,Class 6,video,99
stu_1959ac66,Rohan Gupta,Class 7,video,94
stu_2f3416e8,Diya Gupta,Class 10,text,62
stu_236ee889,Diya Rao,Class 6,text,75
stu_f114e5be,Diya Rao,Class 7,video,61
stu_12307a14,Rahul Reddy,Class 10,text,83
stu_97bf98d4,Ananya Reddy,Class 10,video,58
stu_3f62107b,Sneha Reddy,Class 6,video,94
stu_73281791,Aditya Rao,Class 10,text,48
stu_bdf211f0,Priya Gupta,Class 8,text,91
stu_edcc420e,Priya Singh,Class 10,text,96
stu_bca79d41,Aditya Patel,Class 10,text,48
stu_086f2c9f,Kavya Sharma,Class 10,video,74
stu_2ed6b98d,Aarav Desai,Class 6,text,88
stu_c201ea78,Priya Gupta,Class 6,video,88
stu_50e9428a,Kavya Patel,Class 6,text,91
stu_901e84ca,Kavya Joshi,Class 8,text,80
stu_0b1f5b08,Aditya Singh,Class 8,text,56
stu_be17d95c,Aditya Gupta,Class 6,text,75
stu_5a7ee7e0,Rohan Desai,Class 9,text,91
stu_2cb3497d,Sneha Singh,Class 7,video,40
stu_f14f2871,Karan Rao,Class 7,text,44
stu_29b8fafe,Karan Singh,Class 7,video,46
stu_eedc8ab8,Diya Patel,Class 8,text,92
stu_0ea9fd80,Rohan Joshi,Class 9,text,94
stu_ae5a0b75,Sneha Desai,Class 6,text,89
stu_21b046af,Diya Patel,Class 9,text,63
stu_a7daca12,Aditya Sharma,Class 7,text,77
stu_9c391fd9,Karan Sharma,Class 9,video,100
stu_bb5b2dfb,Sneha Reddy,Class 9,video,70
stu_5183b666,Karan Gupta,Class 10,video,87
stu_dd3cef3b,Ananya Reddy,Class 9,video,76
stu_17cc9b23,Karan Rao,Class 6,text,97
stu_0a574e0b,Kavya Reddy,Class 8,video,78
stu_bc3bc183,Kavya Nair,Class 8,video,97
stu_d827d6a1,Aarav Kumar,Class 7,text,61
stu_ec974d94,Karan Sharma,Class 10,video,51
stu_0cced53c,Rohan Sharma,Class 10,video,66
stu_a86374bb,Diya Reddy,Class 9,text,69
stu_565323a8,Aditya Kumar,Class 6,video,92
stu_4b2dc2f6,Karan Rao,Class 7,text,76
stu_a2f4c911,Kavya Sharma,Class 7,video,52
stu_71df0451,Diya Kumar,Class 10,video,62
stu_a7e62309,Aditya Gupta,Class 10,video,87
stu_65e0df23,Kavya Joshi,Class 6,video,66
stu_1c1d7435,Rahul Singh,Class 10,text,66
stu_487ce82a,Priya Singh,Class 9,video,56
stu_01970a15,Sneha Sharma,Class 7,text,55
stu_7bab3cea,Priya Reddy,Class 10,video,72
stu_51d7da6c,Rohan Joshi,Class 9,video,40
stu_fc6ab503,Diya Rao,Class 6,video,75
stu_90a70955,Ananya Rao,Class 8,text,67
stu_6c504fae,Kavya Rao,Class 6,text,51
stu_a30e00c2,Aarav Nair,Class 6,text,77
stu_cc26180a,Sneha Kumar,Class 10,text,75
stu_cf0c9b2d,Aditya Joshi,Class 9,text,46
stu_326fa6c3,Rahul Patel,Class 6,video,97
stu_05b4503d,Ananya Kumar,Class 9,text,81
stu_ba2f8678,Ananya Kumar,Class 8,text,47
stu_1d816bff,Aarav Sharma,Class 10,video,50
stu_3977df5a,Sneha Rao,Class 7,text,64
stu_46e19652,Diya Sharma,Class 7,video,79
stu_6d900d0a,Sneha Kumar,Class 9,text,86
stu_30ac8a61,Aditya Rao,Class 6,video,55
stu_c88812a6,Rohan Reddy,Class 8,video,98
stu_6a51361d,Rohan Nair,Class 9,text,46
stu_4e0f66d9,Rohan Nair,Class 9,video,78
stu_5a276ecb,Priya Singh,Class 9,video,61
stu_a333b5e3,Rahul Kumar,Class 6,video,78
stu_65b10015,Aarav Patel,Class 7,video,73
stu_30062864,Priya Desai,Class 6,video,75
stu_72124c7a,Kavya Patel,Class 7,text,84
stu_11e4d345,Diya Singh,Class 7,video,42
stu_f8224688,Aditya Kumar,Class 6,text,60
stu_abe89ea0,Karan Reddy,Class 7,video,92
stu_d1bbd755,Diya Desai,Class 7,text,88
stu_94f42aab,Kavya Reddy,Class 7,video,41
stu_a4d58926,Rohan Desai,Class 8,video,80
stu_f0781c4f,Kavya Singh,Class 9,text,42
stu_f99e97e8,Aarav Reddy,Class 10,video,43
stu_3edb702d,Priya Rao,Class 6,text,78
stu_1568975f,Karan Patel,Class 8,text,81
stu_52a3bf95,Diya Gupta,Class 8,text,51
stu_1d269827,Aditya Sharma,Class 8,text,52
stu_fcd19078,Diya Joshi,Class 8,text,72
stu_fce04371,Aditya Singh,Class 10,text,99
stu_fc81f338,Rahul Gupta,Class 7,text,99
stu_635fba50,Aarav Rao,Class 7,video,53
stu_5059106f,Aditya Sharma,Class 7,text,91
stu_d00ad85a,Aditya Singh,Class 8,text,42
stu_eaba52d6,Priya Patel,Class 9,text,78
stu_d37bba35,Aditya Singh,Class 6,video,83
stu_748f442e,Sneha Nair,Class 10,text,68
stu_f7e8e20c,Rahul Nair,Class 10,text,96
stu_c4ca9e95,Rohan Rao,Class 9,text,51
stu_d18a9991,Rahul Nair,Class 10,video,50
stu_53bae6da,Priya Reddy,Class 9,text,46
stu_115f27d3,Diya Rao,Class 9,video,57
stu_c292ed05,Rahul Kumar,Class 6,text,80
stu_f6871d18,Kavya Desai,Class 7,video,44
stu_64c68093,Rohan Nair,Class 6,video,75
stu_29bc6096,Karan Patel,Class 7,text,83
stu_3a5e8645,Ananya Joshi,Class 8,text,89
stu_7f0dec78,Aditya Reddy,Class 8,text,96
stu_7d7245f2,Kavya Singh,Class 7,text,64
stu_46d5d004,Rohan Sharma,Class 7,text,64
stu_fdf186af,Sneha Desai,Class 9,video,78
stu_de20851d,Sneha Sharma,Class 9,text,52
stu_90b0d2b2,Aditya Singh,Class 7,video,61
stu_8eb3bf83,Aditya Joshi,Class 8,video,56
stu_5a0c5fa0,Aarav Kumar,Class 8,text,77
stu_088b2309,Diya Gupta,Class 6,text,73
stu_3a73edd7,Aarav Gupta,Class 10,video,69
stu_b2af6d15,Aarav Reddy,Class 9,video,56
stu_1c844f64,Sneha Kumar,Class 8,text,55
stu_a0abf36b,Aarav Reddy,Class 9,text,70
stu_6d773053,Priya Gupta,Class 10,video,94
stu_293276e3,Rohan Kumar,Class 8,video,90
stu_d0174c29,Sneha Joshi,Class 6,text,87
stu_f1b07efd,Kavya Singh,Class 9,video,50
stu_ce8a9c59,Rohan Desai,Class 9,text,50
stu_23e9374d,Rohan Patel,Class 8,video,71
stu_fc6201c2,Aditya Reddy,Class 6,video,70
stu_30e907f4,Sneha Singh,Class 10,text,49
stu_50e44c6e,Priya Desai,Class 6,video,76
stu_97b4fec6,Sneha Kumar,Class 8,video,44
stu_082167b0,Aditya Joshi,Class 10,video,53
stu_d2d92b92,Aditya Desai,Class 7,video,50
stu_bb2d27d2,Rohan Patel,Class 7,video,57
stu_b3222bca,Kavya Sharma,Class 7,text,56
stu_e9149c01,Aarav Nair,Class 7,video,54
stu_209e10fd,Priya Patel,Class 7,video,79
stu_dda34d94,Rahul Joshi,Class 9,video,87
stu_4f37d511,Rahul Desai,Class 10,video,88
stu_dd41fa0c,Rahul Reddy,Class 10,video,59
stu_e8ec77c8,Kavya Rao,Class 8,video,81
stu_f6f5b0ce,Priya Sharma,Class 9,video,46
stu_b5059990,Priya Nair,Class 8,text,90
stu_346b43b9,Diya Singh,Class 8,video,66
stu_ea35d187,Karan Rao,Class 10,text,63
stu_93a1c488,Diya Desai,Class 8,video,50
stu_7478871d,Sneha Patel,Class 9,video,81
stu_8af40efb,Rahul Desai,Class 8,text,46
stu_18d5a583,Rohan Patel,Class 7,video,71
stu_970a8a65,Priya Nair,Class 10,text,55
stu_2a81f93c,Kavya Patel,Class 6,text,55
stu_1744a600,Karan Kumar,Class 9,video,99
stu_a79c8b20,Rahul Patel,Class 6,video,72
stu_dff8e975,Rahul Singh,Class 6,text,78
stu_1d0efcd1,Aarav Reddy,Class 9,text,66
stu_0beb24e2,Kavya Desai,Class 8,text,45
stu_6b50467c,Rahul Kumar,Class 9,text,78
stu_3ce169e6,Diya Singh,Class 9,video,93
stu_c0a67d38,Rahul Rao,Class 10,text,45
stu_3debfc32,Aditya Joshi,Class 8,text,79
stu_7ce9b674,Rohan Patel,Class 9,text,49
stu_250a19fb,Karan Reddy,Class 7,video,64
stu_3100adc1,Aarav Kumar,Class 8,text,42
stu_10dff41f,Kavya Kumar,Class 7,video,47
stu_3ae954d3,Rahul Singh,Class 9,video,78
stu_d95983d2,Aarav Reddy,Class 9,text,40
stu_1c148e22,Priya Nair,Class 8,video,81
stu_fecd2786,Priya Joshi,Class 6,text,41
stu_c16fec3b,Karan Singh,Class 7,video,87
stu_bec64d25,Rohan Patel,Class 7,text,75
stu_305e49c1,Aarav Gupta,Class 8,text,78
stu_6c771b76,Diya Reddy,Class 6,text,48
stu_7a8a387f,Kavya Reddy,Class 6,text,74
stu_3e5bc215,Karan Joshi,Class 9,text,80
stu_7774b797,Kavya Reddy,Class 6,text,45
stu_f84fe653,Aarav Nair,Class 6,video,83
stu_5f3828d4,Ananya Sharma,Class 8,text,48
stu_634ff8fc,Diya Rao,Class 8,video,72
stu_05a7ef60,Sneha Patel,Class 7,text,53
stu_56e5792c,Ananya Reddy,Class 7,text,62
stu_25b81b63,Rohan Singh,Class 10,text,90
stu_b60ee845,Aditya Sharma,Class 10,text,69
stu_2f44cd96,Sneha Reddy,Class 8,text,93
stu_f1685c93,Priya Reddy,Class 10,video,66
stu_de6aa02b,Kavya Kumar,Class 6,text,59
stu_56b12a66,Sneha Patel,Class 9,video,63
stu_b9147c6e,Sneha Rao,Class 9,text,72
stu_2e117cac,Rohan Nair,Class 8,video,62
stu_0923916b,Aarav Kumar,Class 10,video,99
stu_d02ab2fb,Priya Kumar,Class 7,video,84
stu_fb80a5be,Diya Rao,Class 7,video,91
stu_b897db71,Aarav Nair,Class 8,text,82
stu_727353fe,Kavya Kumar,Class 8,text,96
stu_677c68d5,Aditya Sharma,Class 10,text,71
stu_610c7182,Aarav Kumar,Class 6,text,59
stu_7bef8e3b,Kavya Joshi,Class 9,text,67
stu_950e6a17,Diya Rao,Class 9,video,43
stu_1d2ef7bf,Aditya Singh,Class 6,video,98
stu_63e8b170,Rahul Desai,Class 8,text,71
stu_bd8b1759,Karan Rao,Class 9,text,86
stu_43923376,Ananya Joshi,Class 7,text,46
stu_440286b8,Sneha Singh,Class 8,video,64
stu_fb9c3b55,Karan Kumar,Class 8,video,90
stu_23e13594,Karan Rao,Class 7,video,46
stu_8d58fb64,Kavya Nair,Class 7,text,69
stu_fc7f9c84,Diya Reddy,Class 8,text,81
stu_c3009058,Karan Singh,Class 6,video,80
stu_98cd0ed4,Ananya Kumar,Class 8,video,76
stu_4d7ad841,Rohan Reddy,Class 6,video,99
stu_3b73ab9b,Aarav Sharma,Class 7,text,94
stu_4915a361,Rahul Desai,Class 8,text,59
stu_49e5e724,Kavya Singh,Class 8,video,50
stu_96f4ceb3,Karan Desai,Class 8,text,44
stu_39f161d0,Karan Rao,Class 9,video,56
stu_61109ff6,Rahul Kumar,Class 10,text,61
stu_b797ebf5,Priya Gupta,Class 8,text,49
stu_ae569170,Priya Gupta,Class 9,text,84
stu_4ee9ddb2,Sneha Patel,Class 6,text,53
stu_630347ee,Karan Sharma,Class 7,video,63
stu_e565147c,Aditya Nair,Class 6,video,97
stu_1b28f22f,Priya Sharma,Class 7,video,67
stu_71bf9a3d,Priya Rao,Class 8,text,88
stu_819273cc,Rahul Reddy,Class 10,video,100
stu_a5e9296c,Aditya Joshi,Class 6,video,84
stu_915f0316,Rohan Sharma,Class 6,video,94
stu_dff9c035,Diya Joshi,Class 6,text,72
stu_454e67ef,Rohan Reddy,Class 10,text,40
stu_2ea74cb4,Aditya Sharma,Class 9,text,89
stu_62dff558,Karan Reddy,Class 9,video,42
stu_e91171f0,Diya Sharma,Class 8,video,80
stu_a3c17de0,Karan Reddy,Class 8,text,78
stu_22fa9eaa,Aditya Sharma,Class 6,video,40
stu_8c88f703,Karan Singh,Class 7,video,56
stu_8d60ac80,Aditya Patel,Class 6,video,49
stu_8ab3e826,Karan Reddy,Class 8,text,69
stu_929dbe0f,Karan Rao,Class 10,text,57
stu_0d6d826f,Aditya Patel,Class 8,text,44
stu_776e9314,Ananya Gupta,Class 7,video,58
stu_b36949c4,Priya Desai,Class 7,text,65
stu_fa18d7b2,Priya Rao,Class 6,video,97
stu_2bd2ad20,Diya Kumar,Class 9,video,70
stu_118093d3,Diya Singh,Class 7,video,87
stu_ec10089e,Aditya Rao,Class 7,text,93
stu_28c7ea74,Karan Reddy,Class 7,text,54
stu_dea79622,Karan Nair,Class 6,video,96
stu_f99dd632,Rohan Patel,Class 6,video,40
stu_278d8890,Aarav Nair,Class 10,video,48
stu_72d12005,Priya Singh,Class 8,video,90
stu_72bedd4e,Aarav Reddy,Class 9,text,52
stu_2fc918e5,Priya Joshi,Class 8,text,51
stu_c7cb598d,Diya Kumar,Class 6,text,49
stu_c561089e,Karan Joshi,Class 10,video,42
stu_1b280fcb,Diya Rao,Class 9,text,76
stu_b1014f03,Aditya Patel,Class 9,video,62
stu_2bc35245,Rohan Sharma,Class 8,text,89
stu_0906d72e,Aditya Rao,Class 9,text,76
stu_94de091d,Sneha Reddy,Class 7,text,58
stu_adcc00f4,Ananya Patel,Class 6,video,98
stu_9065f0fe,Karan Gupta,Class 9,text,49
stu_968ebec3,Aditya Nair,Class 6,text,80
stu_8448e1aa,Rahul Gupta,Class 9,text,69
stu_f881d1ba,Priya Rao,Class 6,text,60
stu_f0dbffa3,Ananya Reddy,Class 10,video,94
stu_4d3b1460,Aarav Kumar,Class 6,video,74
stu_e5a9982b,Priya Reddy,Class 9,text,61
stu_65d1276b,Kavya Joshi,Class 6,text,48
stu_5b003e4c,Priya Reddy,Class 7,video,55
stu_7ba3f2ec,Aditya Nair,Class 7,text,100
stu_d85ec4a2,Diya Nair,Class 10,video,74
stu_4c0afcc5,Priya Kumar,Class 7,video,85
stu_9811b4c8,Rahul Patel,Class 8,text,51
stu_d177d062,Sneha Kumar,Class 9,video,53
stu_eeed8dcb,Kavya Reddy,Class 9,video,75
stu_5bfa4907,Sneha Desai,Class 7,video,85
stu_c37566e9,Sneha Joshi,Class 9,text,49
stu_0fc88b96,Karan Joshi,Class 9,text,61
stu_73bc4081,Ananya Sharma,Class 10,text,51
stu_48359b90,Karan Joshi,Class 8,video,54
stu_59d6bc2a,Aarav Patel,Class 10,video,92
stu_77d81450,Sneha Rao,Class 7,video,62
stu_c05ae7a6,Aarav Gupta,Class 8,video,98
stu_90f131b7,Kavya Nair,Class 6,text,79
stu_56523d55,Aditya Kumar,Class 9,video,45
stu_875bbfae,Priya Singh,Class 8,text,84
stu_0167b3fa,Priya Patel,Class 9,video,49
stu_9d6ce204,Kavya Desai,Class 8,text,69
stu_7950a264,Aditya Nair,Class 6,text,63
stu_f1b2eeb3,Kavya Nair,Class 9,text,68
stu_e3a2f939,Aarav Patel,Class 6,text,72
stu_63a83dcf,Priya Joshi,Class 7,text,52
stu_e85c879a,Rohan Gupta,Class 8,video,47
stu_b110d275,Priya Rao,Class 8,video,85
stu_fdc95020,Diya Nair,Class 8,video,92
stu_53ddfdf4,Rohan Rao,Class 8,text,99
stu_f3d88a9e,Aditya Gupta,Class 8,text,85
stu_ebbf44d9,Aditya Singh,Class 8,text,42
stu_2c7770c9,Sneha Rao,Class 6,video,65
stu_4d93e4b0,Kavya Gupta,Class 8,text,65
stu_c6cacd07,Aditya Nair,Class 10,video,71
stu_25c0c2b3,Kavya Desai,Class 9,video,97
stu_ba698534,Rahul Rao,Class 7,video,83
stu_bbfcbf73,Aditya Singh,Class 6,video,77
stu_8fe56ee9,Sneha Rao,Class 8,video,98
stu_2de76c36,Rahul Rao,Class 9,video,72
stu_832ad4ff,Rahul Patel,Class 9,video,92
stu_5c926d12,Rohan Sharma,Class 7,text,93
stu_9d422e29,Priya Singh,Class 6,text,80
stu_43252652,Priya Singh,Class 9,video,52
stu_ff5bed46,Rahul Sharma,Class 8,text,96
stu_79c4f855,Aarav Singh,Class 7,video,63
stu_590ee1bf,Karan Kumar,Class 6,text,79
stu_6383d674,Priya Rao,Class 6,video,43
stu_29d1849b,Diya Joshi,Class 7,video,74
stu_3cfc5715,Rohan Sharma,Class 8,text,83
stu_c64e1e6d,Priya Reddy,Class 10,video,49
stu_f7a6dfea,Aarav Patel,Class 10,video,89
stu_71ff07f8,Diya Singh,Class 8,video,69
stu_145fbcc1,Ananya Sharma,Class 9,video,63
stu_cb335ffe,Aarav Reddy,Class 7,video,48
stu_4437fa38,Kavya Nair,Class 6,video,60
stu_de5825ca,Karan Reddy,Class 7,text,76
stu_0f0d50e1,Rahul Gupta,Class 10,video,95
stu_dd754bce,Sneha Rao,Class 9,video,86
stu_915e1562,Sneha Rao,Class 6,video,42
stu_511b7b1c,Priya Reddy,Class 6,text,76
stu_5e2417dc,Rahul Joshi,Class 6,text,79
stu_abeea64d,Rahul Rao,Class 10,video,62
stu_62638213,Diya Singh,Class 10,video,89
stu_4cddc0d1,Aarav Kumar,Class 8,text,94
stu_d166fa97,Rohan Joshi,Class 8,text,58
stu_776f396e,Sneha Desai,Class 6,video,71
stu_4362bd67,Aditya Rao,Class 8,video,60
stu_d81174c7,Ananya Kumar,Class 8,video,60
stu_8f340aa1,Sneha Kumar,Class 10,video,97
stu_e53fb5cd,Kavya Singh,Class 6,text,48
stu_f1566e12,Kavya Reddy,Class 9,video,40
stu_01c5eaef,Karan Sharma,Class 10,text,53
stu_6f84cd9f,Ananya Gupta,Class 8,video,46
stu_52ebaee8,Sneha Kumar,Class 10,video,80
stu_88282515,Rahul Joshi,Class 8,video,90
stu_fa2c9342,Diya Kumar,Class 10,video,95
stu_f6120092,Priya Nair,Class 8,text,97
stu_1f12cf90,Rahul Desai,Class 8,video,80
stu_10402a09,Ananya Singh,Class 9,text,99
stu_9c7363c7,Ananya Singh,Class 7,video,70
stu_37cc7a11,Rahul Singh,Class 8,text,80
stu_191cc432,Kavya Sharma,Class 7,video,78
stu_cb13a009,Rahul Kumar,Class 9,video,84
stu_2d633133,Rohan Gupta,Class 8,video,68
stu_a597a757,Diya Desai,Class 7,video,72
stu_a9f63a8d,Diya Reddy,Class 7,text,64
stu_043561d7,Kavya Singh,Class 6,text,65
stu_7c037ef2,Ananya Reddy,Class 7,text,64
stu_11f808a4,Karan Gupta,Class 6,video,50
stu_df3a4a98,Diya Reddy,Class 9,video,97
stu_76bb3181,Diya Joshi,Class 9,text,66
stu_a04f7d38,Kavya Gupta,Class 6,video,77
stu_1f9282dc,Priya Rao,Class 6,text,100
stu_f1bbdceb,Rahul Singh,Class 6,text,89
stu_e46d34a1,Ananya Joshi,Class 8,video,92
stu_936efd87,Aarav Rao,Class 7,text,79
stu_3a921d70,Priya Reddy,Class 7,video,92
stu_7478c550,Kavya Rao,Class 6,video,91
stu_2e612f88,Rahul Gupta,Class 8,text,74
stu_83ca2a0a,Rohan Desai,Class 10,video,57
stu_3a8c7dd4,Rohan Desai,Class 10,video,45
stu_4ce29287,Sneha Rao,Class 9,text,67
stu_a8193d78,Karan Kumar,Class 8,video,88
stu_15845da4,Rohan Reddy,Class 10,text,100
stu_e980511d,Kavya Reddy,Class 7,video,80
stu_5ff2b519,Diya Patel,Class 8,video,46
stu_8c149540,Sneha Singh,Class 8,video,97
stu_86d154cb,Aditya Gupta,Class 10,video,64
stu_ec062402,Ananya Reddy,Class 6,text,53
stu_6e0aed4f,Ananya Nair,Class 7,text,77
stu_24648e1a,Sneha Joshi,Class 9,video,83
stu_2ef6ae34,Priya Patel,Class 9,video,84
stu_e1680ae6,Sneha Rao,Class 10,text,51
stu_007bbd27,Rohan Reddy,Class 10,video,100
stu_fad4940f,Kavya Joshi,Class 10,video,70
stu_e42da5f0,Rahul Patel,Class 10,video,94
stu_384c27c2,Aditya Gupta,Class 9,video,42
stu_7df57463,Karan Nair,Class 6,video,45
stu_d7103e40,Aarav Desai,Class 8,video,52
stu_b5ba39b4,Rohan Rao,Class 9,text,99
stu_594b32df,Rahul Desai,Class 9,video,80
stu_1a3221c5,Diya Sharma,Class 7,video,97
stu_bc388927,Ananya Sharma,Class 10,video,97
stu_1ac563e5,Ananya Gupta,Class 9,text,75
stu_84934b6f,Diya Nair,Class 8,text,68
stu_1046d83e,Priya Patel,Class 6,text,52
stu_e2a1a6f4,Kavya Rao,Class 7,video,42
stu_e06cbbb7,Aarav Desai,Class 6,video,60
stu_b6b6ae4b,Aarav Nair,Class 8,video,56
stu_f7b51069,Sneha Nair,Class 9,video,43
stu_09db6b1b,Diya Gupta,Class 7,text,59
stu_62594a57,Rohan Gupta,Class 10,video,46
stu_92ba4f0a,Ananya Joshi,Class 6,video,85
stu_d4d3782d,Diya Sharma,Class 7,text,84
stu_5f63e104,Ananya Nair,Class 8,video,87
stu_59fab9fc,Rahul Nair,Class 9,text,75
stu_c60a9be6,Aditya Nair,Class 9,text,60
stu_ef4d09d1,Priya Rao,Class 10,text,92
stu_6f9e45f5,Karan Reddy,Class 9,video,84
stu_cfd934f5,Ananya Desai,Class 10,video,87
stu_53957d11,Ananya Gupta,Class 10,video,82
stu_e7a58d71,Aarav Rao,Class 8,video,43
stu_733bbd56,Rahul Nair,Class 8,video,40
stu_982ee212,Sneha Rao,Class 8,text,49
stu_2e9e0666,Ananya Sharma,Class 6,video,67
stu_f0e88c8b,Karan Desai,Class 9,text,51
stu_10b6fd99,Sneha Rao,Class 9,video,53
stu_74fbe5b5,Diya Reddy,Class 10,text,52
stu_7d1fa7c1,Priya Sharma,Class 8,text,77
stu_af0b335f,Karan Nair,Class 8,text,99
stu_0b73284f,Priya Sharma,Class 7,video,45
stu_12ff423f,Aditya Reddy,Class 8,text,66
stu_f92c9a68,Aditya Gupta,Class 9,video,90
stu_17f45f32,Kavya Singh,Class 8,text,97
stu_953174a8,Ananya Joshi,Class 7,video,54
stu_9a5077ed,Kavya Kumar,Class 8,text,48
stu_4ae29428,Aditya Sharma,Class 7,video,59
stu_8be9a752,Kavya Patel,Class 10,text,99
stu_73321337,Priya Reddy,Class 8,text,51
stu_1c4d01a5,Sneha Joshi,Class 10,video,52
stu_522f2bb7,Rahul Gupta,Class 6,text,94
stu_08785c25,Sneha Gupta,Class 9,video,73
stu_818bade2,Diya Reddy,Class 10,video,76
stu_561d0155,Rohan Gupta,Class 6,text,63
stu_d3a3471f,Aditya Joshi,Class 10,video,76
stu_34a67a77,Rahul Desai,Class 8,text,65
stu_29cdd9c3,Rahul Joshi,Class 10,video,79
stu_dedbc02b,Ananya Joshi,Class 9,text,56
stu_d7cd5370,Karan Joshi,Class 6,video,52
stu_29996ca4,Aditya Nair,Class 8,text,41
stu_a0b2dbd3,Ananya Rao,Class 10,video,60
stu_d427ad50,Aarav Joshi,Class 8,text,99
stu_3461ff05,Aditya Reddy,Class 8,text,84
stu_738d593a,Kavya Kumar,Class 8,video,51
stu_eb50c92b,Ananya Patel,Class 6,video,76
stu_acb29492,Aditya Patel,Class 6,video,83
stu_d482a1e7,Ananya Gupta,Class 8,text,91
stu_3d196566,Aarav Desai,Class 6,video,67
stu_077b41ce,Rahul Desai,Class 8,text,69
stu_49441f64,Ananya Patel,Class 9,video,55
stu_fa92e0cc,Sneha Kumar,Class 10,text,89
stu_2f039370,Kavya Desai,Class 7,video,96
stu_def9e52a,Diya Nair,Class 8,text,68
stu_277f0d9f,Aditya Desai,Class 9,text,81
stu_6aba8e35,Rahul Joshi,Class 7,video,51
stu_42a1c572,Rohan Gupta,Class 7,text,58
stu_aa73fe88,Rohan Rao,Class 10,text,55
stu_5b3af4a8,Priya Desai,Class 10,text,99
stu_8bcb08e7,Diya Kumar,Class 9,text,53
stu_59ffd0f7,Ananya Reddy,Class 6,video,72
stu_c8dc8396,Sneha Reddy,Class 6,text,48
stu_724abad1,Rohan Patel,Class 6,video,48
stu_10e7950f,Priya Singh,Class 6,video,82
stu_8fbbd100,Karan Joshi,Class 9,video,71
stu_9d50d665,Kavya Desai,Class 7,text,51
stu_23dcc373,Diya Sharma,Class 8,video,57
stu_7de4ca90,Ananya Singh,Class 7,text,91
stu_9d76561b,Karan Gupta,Class 7,video,59
stu_4187389b,Rohan Desai,Class 8,video,93
stu_a2500dc5,Diya Joshi,Class 10,video,58
stu_08c606f6,Aditya Singh,Class 8,video,56
stu_090264e3,Rohan Rao,Class 7,video,90
stu_d8c024db,Kavya Desai,Class 9,text,87
stu_df459e89,Priya Nair,Class 6,video,53
stu_753c2242,Aarav Gupta,Class 9,video,83
stu_0c14e3fc,Aarav Desai,Class 8,video,60
stu_709f262a,Karan Patel,Class 9,text,61
stu_da88c095,Sneha Patel,Class 7,text,94
stu_f3457db3,Sneha Gupta,Class 10,video,47
stu_5c37f76c,Aditya Rao,Class 7,text,42
stu_1285baf2,Ananya Patel,Class 7,video,69
stu_1fc8e6e8,Ananya Gupta,Class 8,text,82
stu_62ea5649,Aarav Desai,Class 8,video,62
stu_16269aaf,Aditya Singh,Class 10,video,65
stu_5a9ede57,Priya Joshi,Class 8,video,95
stu_83b9eb52,Aarav Desai,Class 7,video,82
stu_525a4251,Aditya Joshi,Class 8,video,80
stu_6e239eb3,Aarav Rao,Class 9,text,68
stu_8c733498,Sneha Singh,Class 7,text,93
stu_b78e6883,Ananya Singh,Class 7,text,54
stu_ba901fad,Ananya Singh,Class 9,video,88
stu_72c4c478,Karan Sharma,Class 8,text,56
stu_24d6f542,Diya Kumar,Class 10,video,95
stu_4a83c680,Karan Reddy,Class 9,video,94
stu_e3d3d018,Rohan Desai,Class 9,text,99
stu_a3d86cfe,Karan Nair,Class 9,video,90
stu_fce5fac7,Aarav Kumar,Class 10,video,52
stu_5be4508a,Ananya Patel,Class 8,text,75
stu_9fea2daa,Rohan Desai,Class 9,video,76
stu_bb1ce792,Sneha Reddy,Class 9,video,56
stu_074c8c93,Diya Kumar,Class 7,text,86
stu_976d47d3,Aditya Nair,Class 6,video,47
stu_ba7f6730,Aditya Desai,Class 7,text,80
stu_2770d494,Rahul Kumar,Class 9,text,76
stu_5642ed96,Aditya Singh,Class 6,text,40
stu_30a9418f,Rohan Kumar,Class 6,text,84
stu_20089f77,Ananya Kumar,Class 8,text,83
stu_b0bba9e0,Aarav Joshi,Class 7,text,50
stu_a959d8a4,Karan Joshi,Class 7,video,65
stu_255dbb7f,Kavya Reddy,Class 10,video,85
stu_f9945938,Karan Nair,Class 6,video,63
stu_17513a4d,Ananya Patel,Class 10,text,90
stu_19c70d1a,Rohan Singh,Class 6,text,59
stu_997b2b90,Diya Desai,Class 7,video,70
stu_fc403571,Diya Patel,Class 6,text,61
stu_a41a7c4d,Karan Sharma,Class 10,text,87
stu_3e2f779d,Rohan Rao,Class 10,text,98
stu_12ae1d04,Diya Gupta,Class 6,video,54
stu_06f4e641,Priya Singh,Class 8,text,93
stu_e958b6a3,Kavya Reddy,Class 7,video,86
stu_cecd890a,Ananya Nair,Class 9,video,76
stu_83c0dd39,Priya Gupta,Class 6,text,71
stu_822b02df,Rahul Patel,Class 7,video,75
stu_cfe886d6,Rahul Desai,Class 10,video,79
stu_3aa7333e,Sneha Sharma,Class 9,video,43
stu_69771606,Rohan Singh,Class 8,video,47
stu_f410d130,Aditya Gupta,Class 8,text,71
stu_ca6b5c5f,Rahul Reddy,Class 8,text,93
stu_8f1d3aee,Diya Patel,Class 7,video,51
stu_374916f0,Sneha Rao,Class 8,text,90
stu_093131d3,Rohan Singh,Class 7,text,92
stu_67c1617b,Ananya Patel,Class 8,text,97
stu_4bde34fe,Diya Singh,Class 6,video,52
stu_66c623ff,Priya Patel,Class 9,text,46
stu_bd79f017,Diya Singh,Class 10,text,72
stu_17beada5,Rohan Patel,Class 8,video,65
stu_388549c3,Karan Patel,Class 6,video,92
stu_bb477be1,Diya Rao,Class 10,text,43
stu_da836dc5,Sneha Patel,Class 6,text,71
stu_8ab4e0fe,Rohan Rao,Class 9,text,80
stu_9939c283,Priya Nair,Class 8,text,84
stu_d03843fa,Priya Rao,Class 6,text,80
stu_05401aed,Priya Desai,Class 7,video,57
stu_681ee39a,Aditya Kumar,Class 9,text,63
stu_36f3f0d9,Sneha Patel,Class 10,text,95
stu_515adc26,Rahul Sharma,Class 6,video,77
stu_0b661edd,Sneha Rao,Class 10,text,72
stu_2404b8c8,Aditya Kumar,Class 8,text,73
stu_b67a2d38,Diya Gupta,Class 7,video,90
stu_4cb9efd6,Aarav Kumar,Class 7,text,60
stu_de2c311c,Rahul Desai,Class 7,text,54
stu_a39633c1,Ananya Patel,Class 8,text,56
stu_25bfd910,Sneha Singh,Class 10,video,61
stu_f5a1d678,Sneha Reddy,Class 10,text,45
stu_ef181c65,Karan Reddy,Class 6,video,85
stu_e283555e,Karan Singh,Class 10,text,52
stu_8a9f8b45,Rahul Joshi,Class 6,text,74
stu_7ced45e3,Kavya Desai,Class 10,video,100
stu_93d356f1,Rahul Rao,Class 6,video,56
stu_70da3281,Aarav Nair,Class 7,text,73
stu_73495eb7,Sneha Patel,Class 7,video,80
stu_2b5c74f2,Kavya Sharma,Class 10,text,65
stu_cb6a644d,Rohan Sharma,Class 7,text,72
stu_04401348,Rahul Rao,Class 10,video,72
stu_3ceb50ce,Kavya Kumar,Class 10,video,62
stu_b7b818f6,Karan Gupta,Class 8,video,46
stu_df96aa7c,Diya Kumar,Class 9,text,70
stu_b2835833,Karan Nair,Class 8,video,50
stu_01b270b0,Ananya Rao,Class 9,video,42
stu_14d1a7d1,Kavya Patel,Class 7,video,66
stu_1d712390,Rohan Gupta,Class 10,video,62
stu_e73f8efc,Diya Sharma,Class 7,text,57
stu_7f227251,Aditya Sharma,Class 6,video,61
stu_c964a514,Sneha Desai,Class 8,text,75
stu_75d311ed,Priya Reddy,Class 6,video,46
stu_5e2e9a96,Kavya Nair,Class 10,video,82
stu_a0c7ddad,Aditya Desai,Class 8,text,89
stu_6e1f604f,Diya Nair,Class 6,video,46
stu_beb69f39,Diya Desai,Class 8,video,52
stu_92f6087f,Aditya Kumar,Class 9,text,91
stu_e96b6c64,Rahul Joshi,Class 9,text,88
stu_3051c05a,Diya Patel,Class 7,text,55
stu_b67ec6d2,Ananya Reddy,Class 8,video,71
stu_a90cb56a,Kavya Kumar,Class 8,video,69
stu_bde7d224,Rahul Rao,Class 6,video,84
stu_c15e3007,Ananya Sharma,Class 6,text,53
stu_eb5a7207,Aarav Joshi,Class 7,video,44
stu_43f9ecb7,Kavya Patel,Class 8,video,42
stu_425dd701,Priya Desai,Class 10,text,86
stu_7f7751e6,Diya Rao,Class 7,text,85
stu_2cbc017e,Ananya Joshi,Class 7,text,54
stu_af7d57af,Priya Nair,Class 7,video,97
stu_b0097dd9,Aditya Reddy,Class 8,video,47
stu_1ea381f2,Sneha Desai,Class 9,video,54
stu_38e156e4,Diya Reddy,Class 6,video,75
stu_4a400194,Sneha Rao,Class 6,video,87
stu_fb42b2ed,Aditya Joshi,Class 10,video,89
stu_2bc8044a,Priya Singh,Class 8,text,66
stu_9ed3b4db,Priya Desai,Class 7,video,79
stu_9de2f266,Karan Nair,Class 8,video,54
stu_a47d884f,Priya Patel,Class 7,video,61
stu_d84bae22,Ananya Nair,Class 10,video,71
stu_61825b7a,Diya Kumar,Class 8,video,78
stu_fa4eb581,Rahul Patel,Class 8,video,63
stu_a2aeb0df,Sneha Sharma,Class 6,video,55
stu_6841eae2,Ananya Gupta,Class 10,text,75
stu_9d60f396,Rahul Nair,Class 7,video,58
stu_021b2d4b,Kavya Desai,Class 7,text,94
stu_5770dea4,Aditya Reddy,Class 8,text,67
stu_417edcac,Sneha Rao,Class 9,video,86
stu_58600af2,Ananya Joshi,Class 8,video,54
stu_6441476f,Diya Sharma,Class 6,video,42
stu_6d13d7be,Kavya Singh,Class 10,text,47
stu_f1b75079,Rohan Patel,Class 9,text,90
stu_cec31981,Ananya Rao,Class 7,video,60
stu_d19a262c,Ananya Patel,Class 10,video,61
stu_f4874dc4,Rohan Desai,Class 10,video,52
stu_026df6f7,Kavya Desai,Class 6,video,93
stu_fd11f9d8,Rahul Singh,Class 9,text,87
stu_8138d092,Kavya Singh,Class 6,text,54
stu_97236d79,Ananya Singh,Class 7,text,77
stu_c7afb6a5,Rahul Reddy,Class 6,text,90
stu_d2e9cd0d,Kavya Kumar,Class 10,text,48
stu_c9e1edb5,Diya Gupta,Class 6,text,45
stu_d839085d,Rohan Desai,Class 6,text,69
stu_596dc2ae,Rohan Gupta,Class 10,text,97
stu_838afe77,Rohan Joshi,Class 10,video,71
stu_40c05f29,Priya Sharma,Class 10,video,95
stu_fcb8b8b8,Aarav Nair,Class 7,video,82
stu_f60419f4,Karan Nair,Class 8,video,94
stu_26654ed6,Priya Singh,Class 10,video,41
stu_a182c027,Sneha Kumar,Class 6,video,48
stu_2a167cc9,Rohan Sharma,Class 6,video,51
stu_9308e68c,Priya Singh,Class 7,text,66
stu_75a2836b,Aarav Nair,Class 7,video,54
stu_604bcf98,Diya Desai,Class 6,video,60
stu_3813f698,Kavya Rao,Class 8,text,91
stu_4892fbb8,Aarav Patel,Class 10,video,89
stu_960c7356,Karan Singh,Class 6,video,72
stu_b573a608,Kavya Desai,Class 8,text,81
stu_15848bab,Karan Desai,Class 10,video,43
stu_8c572460,Sneha Sharma,Class 8,video,51
stu_0a44fcd2,Priya Reddy,Class 10,text,45
stu_225327b8,Rohan Rao,Class 7,video,49
stu_ef220f8b,Aditya Patel,Class 9,video,85
stu_a82f98d2,Aditya Rao,Class 9,text,75
stu_6fe998d4,Sneha Rao,Class 6,video,68
stu_081316e8,Priya Kumar,Class 7,video,86
stu_3f686d99,Kavya Rao,Class 10,text,46
stu_6a5dd04f,Karan Kumar,Class 9,video,61
stu_44153dfb,Ananya Patel,Class 10,video,84
stu_bb2c2b4b,Ananya Desai,Class 9,video,51
stu_44a89ba8,Priya Desai,Class 8,video,46
stu_ef17bed9,Ananya Patel,Class 9,video,62
stu_aca8920c,Rohan Kumar,Class 7,video,99
stu_c1f4f566,Priya Joshi,Class 10,text,49
stu_3f423c66,Diya Joshi,Class 9,video,91
stu_72fcbee9,Rahul Desai,Class 8,video,100
stu_8ba28910,Aditya Nair,Class 9,video,100
stu_be12bb88,Rohan Nair,Class 9,video,62
stu_12b350ec,Aarav Patel,Class 6,text,41
stu_ada96338,Diya Reddy,Class 7,text,99
stu_fe410dcd,Aarav Sharma,Class 10,video,47
stu_9664abb5,Ananya Joshi,Class 10,text,40
stu_d03ca0f6,Rohan Sharma,Class 8,text,60
stu_705d4005,Aditya Kumar,Class 8,text,66
stu_7939bc99,Ananya Gupta,Class 6,video,93
stu_dc7a7dfa,Aditya Kumar,Class 10,text,57
stu_33f36eed,Aarav Singh,Class 8,text,87
stu_b30f0caa,Sneha Singh,Class 9,video,58
stu_dcd6c4c6,Priya Gupta,Class 9,text,48
stu_978d41ca,Sneha Patel,Class 8,video,46
stu_19827634,Aarav Kumar,Class 7,text,83
stu_d53c4350,Aarav Desai,Class 8,video,84
stu_0c857bce,Aarav Joshi,Class 9,video,89
stu_45b7529c,Rahul Gupta,Class 8,video,49
stu_363e976d,Aarav Gupta,Class 6,text,90
stu_ff399760,Aditya Joshi,Class 10,text,95
stu_ef2e8140,Karan Nair,Class 6,video,81
stu_2c7d51fe,Sneha Rao,Class 10,text,64
stu_87c241a7,Kavya Sharma,Class 10,text,83
stu_8bee5e22,Aarav Nair,Class 7,video,70
stu_d441e1bc,Aarav Kumar,Class 7,video,48
stu_56efe268,Rahul Desai,Class 9,video,52
stu_a0571439,Sneha Reddy,Class 10,video,63
stu_c5d943d9,Priya Singh,Class 7,video,49
stu_96831615,Kavya Reddy,Class 9,text,64
stu_eeb135f8,Ananya Gupta,Class 10,video,47
stu_ca465478,Aarav Singh,Class 7,video,63
stu_fe418d65,Rahul Nair,Class 10,text,51
stu_c5e360f7,Aarav Rao,Class 8,text,73
stu_c4a8c12a,Kavya Desai,Class 8,video,98
stu_4accabcc,Aditya Patel,Class 10,video,99
stu_adcaecf4,Rohan Kumar,Class 8,video,98
stu_9d17996d,Diya Singh,Class 10,text,77
stu_5c0ad06e,Kavya Rao,Class 7,video,81
stu_1343a952,Diya Sharma,Class 10,text,58
stu_5554445e,Rohan Singh,Class 7,video,68
stu_9f41ba5f,Aditya Gupta,Class 10,text,51
stu_b7ec63f8,Rohan Patel,Class 7,text,62
stu_2504bbe1,Aarav Kumar,Class 9,video,43
stu_fac0b024,Ananya Kumar,Class 8,text,48
stu_306e6244,Sneha Desai,Class 9,video,40
stu_43cc1ae4,Rohan Gupta,Class 10,video,78
stu_f44f4b4f,Diya Rao,Class 9,text,63
stu_eecb3964,Karan Desai,Class 8,video,43
stu_39332217,Priya Gupta,Class 9,video,43
stu_f909b8b5,Aarav Kumar,Class 6,text,79
stu_e37d6df2,Karan Patel,Class 8,video,55
stu_b6be928d,Rohan Kumar,Class 8,video,94
stu_d7c27096,Rahul Desai,Class 7,text,93
stu_1bafc24f,Rahul Gupta,Class 6,video,88
